Scrape_Timestamp,Raw_Web_Data
2026-09-22 07:44:05,"Achieve Greatness: California State University, Fullerton Skip to Content (Press Enter) Quicklinks A-Z Index Colleges Locations Careers Give Emergency Info Directory Search Search Options CSUF Site Directory Colleges The Arts Business and Economics Communications Education Engineering and Computer Science Health and Human Development Humanities and Social Sciences Natural Sciences and Mathematics Extension Locations Grand Central Art Center Fullerton Arboretum Careers Emergency Info Give A-Z Index Quicklinks Webmail Academic Advisement Academic Affairs Admissions Office of the Registrar Associated Students, Inc. Bookstore: Titan Shops Campus Dining Career Center Catalog Class Search COVID-19 Daily Titan Financial Aid Housing and Residence Life Human Resources Information Technology Winter Session Parking Police Pollak Library Student Affairs Student Business Services Summer Sessions Transcripts Veterans Resource Center Directory: Search CSUF People Titan Community Support Resources Quicklinks Academics Degrees Colleges The Arts Business and Economics Communications Education Engineering and Computer Science Health and Human Development Humanities and Social Sciences Natural Sciences and Mathematics Extension Academic Calendar Catalog Research more... About CSUF Overview Mission and Goals Rankings Tuition College Enrollment Accreditation Divisions Strategic Plan Engagement and Belonging Careers at CSUF Pollak Library Titan Athletics Visit the Campus Give to CSUF Portal for Students, Faculty and Staff Students: Titan Hub Prospective Students Parents & Families Alumni Athletics Calendar Give About Academics Library Athletics Visit Give to CSUF California State University, Fullerton Titans Celebrate Latinx Heritage Month Visit Our Colleges Arts Business and Economics Communications Education Engineering and Computer Science Health and Human Development Humanities and Social Sciences Natural Sciences and Mathematics News Events CSUF School of Nursing Named National Center of Excellence CSUF Celebrates Grand Opening of Jewel Plummer Cobb Hall Cal State Fullerton Kicks Off the 2026-27 Academic Year Meet CSUF’s New Faculty for the 2026-27 Academic Year New Blended Programs Offer Bachelor’s and Master’s Degrees in Five Years More News For Journalists Follow Us Facebook Instagram LinkedIn YouTube Spotify More Meet the Grads Project Rebound Scholar Accepted to Columbia University Master’s Program Sociology, Philosophy Grad Named One of the ‘Most Influential People in OC’ Accounting Student’s Internships Lead to Auditing Role at Big Four Firm A Childhood Filled With Books Inspires Grad Student’s Passion for Teaching Student’s Nursing Career Inspired by Personal Journey With Cancer Meet our Alumni Our graduates go on to become Titans in their fields, joining an alumni network that is 344,000 strong. When I realized that I was going to be a theatre arts major at Cal State Fullerton, my goals seemed more legitimate. Kirsten Vangsness ’96, “Criminal Minds” actress Read More Cal State Fullerton gave me so much support with its dedication to educating first-generation students. Joshua González ’18, Mercado González general manager Read More I didn’t know what photojournalism was until I was at Cal State Fullerton. Christina House ’06, Los Angeles Times Pulitzer Prize-winning photographer Read More The training I got at Cal State Fullerton, compared to what I've seen out in the real world, is top notch. Omid Abtahi ’02, “The Mandalorian” actor Read More Explore Things to Explore Titans Athletics The Cal State Fullerton Titans participate in the NCAA Division I Big West Conference and have 12 national championships in seven different sports. Pollak Library The Pollak Library provides extensive services and assistance to the CSUF community, as well as to visiting students and scholars, and to the public. The library is nationally recognized for innovative spaces, collections, services, tools, and its programs. Arboretum and Botanical Garden at Cal State Fullerton The 26-acre preserve supports the academic mission of CSUF with a world class living and historical collection and to foster an appreciation for plant conservation, botanical research and horticulture. Contacts and Addresses | General: 657-278-2011 | Emergency Closure Info: 877-278-1712 Tell us about a web accessibility problem . | © California State University, Fullerton. All Rights Reserved. CSUF events are open to all who are interested or would like to participate, regardless of race, sex, color, ethnicity, national origin, or other protected statuses. Additional Resources Emergency Information CSUF Police CSUF Accessibility | Feedback Form Download Adobe Acrobat Reader Acrobat Reader | Microsoft Viewer Cookie Settings Privacy Policy Annual Security Report (Clery) California Campus Safety Plan Title IX Parenting Students Site Index Campus Map CSU This page uses javascript. You do not have javascript enabled, some functions will be disabled."
2026-09-22 07:46:24,Availabile Parking Spaces Your browser does not support JavaScript! Available Parking Spaces Nutwood Structure Total Spots 2484 9/22/2026 12:46:00 AM Directions (1) 1848 Levels (1) State College Structure Total Spots 1373 9/22/2026 12:46:00 AM Directions (2) 1158 Levels (2) Eastside North Total Spots 1880 9/22/2026 12:46:00 AM Directions (3) 1835 Levels (3) Eastside South Total Spots 1341 9/22/2026 12:46:00 AM Directions (4) 1314 Levels (4) S8 and S10 Total Spots 2104 9/22/2026 12:46:00 AM Directions (5) 791 Fullerton Free Church Total Spots 800 08/24/2026 - 12/10/2026 Directions (6) Closed S8 and S10 are located at the corner of St. College and Yorba Linda.
2026-09-22 15:07:01,Availabile Parking Spaces Your browser does not support JavaScript! Available Parking Spaces Nutwood Structure Total Spots 2484 9/22/2026 8:07:00 AM Directions (1) Full Levels (1) State College Structure Total Spots 1373 9/22/2026 8:07:00 AM Directions (2) 857 Levels (2) Eastside North Total Spots 1880 9/22/2026 8:07:00 AM Directions (3) 1433 Levels (3) Eastside South Total Spots 1341 9/22/2026 8:07:00 AM Directions (4) 748 Levels (4) S8 and S10 Total Spots 2104 9/22/2026 8:07:00 AM Directions (5) 690 Fullerton Free Church Total Spots 800 08/24/2026 - 12/10/2026 Directions (6) Open S8 and S10 are located at the corner of St. College and Yorba Linda.
2026-09-22 15:22:15,Availabile Parking Spaces Your browser does not support JavaScript! Available Parking Spaces Nutwood Structure Total Spots 2484 9/22/2026 8:22:00 AM Directions (1) Full Levels (1) State College Structure Total Spots 1373 9/22/2026 8:22:00 AM Directions (2) 677 Levels (2) Eastside North Total Spots 1880 9/22/2026 8:22:00 AM Directions (3) 1222 Levels (3) Eastside South Total Spots 1341 9/22/2026 8:22:00 AM Directions (4) 548 Levels (4) S8 and S10 Total Spots 2104 9/22/2026 8:22:00 AM Directions (5) 657 Fullerton Free Church Total Spots 800 08/24/2026 - 12/10/2026 Directions (6) Open S8 and S10 are located at the corner of St. College and Yorba Linda.
2026-09-22 15:37:25,Availabile Parking Spaces Your browser does not support JavaScript! Available Parking Spaces Nutwood Structure Total Spots 2484 9/22/2026 8:37:00 AM Directions (1) Full Levels (1) State College Structure Total Spots 1373 9/22/2026 8:37:00 AM Directions (2) 554 Levels (2) Eastside North Total Spots 1880 9/22/2026 8:37:00 AM Directions (3) 989 Levels (3) Eastside South Total Spots 1341 9/22/2026 8:37:00 AM Directions (4) 362 Levels (4) S8 and S10 Total Spots 2104 9/22/2026 8:37:00 AM Directions (5) 698 Fullerton Free Church Total Spots 800 08/24/2026 - 12/10/2026 Directions (6) Open S8 and S10 are located at the corner of St. College and Yorba Linda.
2026-09-22 15:47:49,Availabile Parking Spaces Your browser does not support JavaScript! Available Parking Spaces Nutwood Structure Total Spots 2484 9/22/2026 8:48:00 AM Directions (1) Full Levels (1) State College Structure Total Spots 1373 9/22/2026 8:48:00 AM Directions (2) 442 Levels (2) Eastside North Total Spots 1880 9/22/2026 8:48:00 AM Directions (3) 884 Levels (3) Eastside South Total Spots 1341 9/22/2026 8:48:00 AM Directions (4) 322 Levels (4) S8 and S10 Total Spots 2104 9/22/2026 8:48:00 AM Directions (5) 680 Fullerton Free Church Total Spots 800 08/24/2026 - 12/10/2026 Directions (6) Open S8 and S10 are located at the corner of St. College and Yorba Linda.
2026-09-22 15:56:20,Availabile Parking Spaces Your browser does not support JavaScript! Available Parking Spaces Nutwood Structure Total Spots 2484 9/22/2026 8:56:00 AM Directions (1) 29 Levels (1) State College Structure Total Spots 1373 9/22/2026 8:56:00 AM Directions (2) 389 Levels (2) Eastside North Total Spots 1880 9/22/2026 8:56:00 AM Directions (3) 791 Levels (3) Eastside South Total Spots 1341 9/22/2026 8:56:00 AM Directions (4) 284 Levels (4) S8 and S10 Total Spots 2104 9/22/2026 8:56:00 AM Directions (5) 664 Fullerton Free Church Total Spots 800 08/24/2026 - 12/10/2026 Directions (6) Open S8 and S10 are located at the corner of St. College and Yorba Linda.
2026-09-22 16:09:04,Availabile Parking Spaces Your browser does not support JavaScript! Available Parking Spaces Nutwood Structure Total Spots 2484 9/22/2026 9:09:00 AM Directions (1) 28 Levels (1) State College Structure Total Spots 1373 9/22/2026 9:09:00 AM Directions (2) 286 Levels (2) Eastside North Total Spots 1880 9/22/2026 9:09:00 AM Directions (3) 633 Levels (3) Eastside South Total Spots 1341 9/22/2026 9:09:00 AM Directions (4) 232 Levels (4) S8 and S10 Total Spots 2104 9/22/2026 9:09:00 AM Directions (5) 646 Fullerton Free Church Total Spots 800 08/24/2026 - 12/10/2026 Directions (6) Open S8 and S10 are located at the corner of St. College and Yorba Linda.
2026-09-22 16:24:34,Availabile Parking Spaces Your browser does not support JavaScript! Available Parking Spaces Nutwood Structure Total Spots 2484 9/22/2026 9:24:00 AM Directions (1) 45 Levels (1) State College Structure Total Spots 1373 9/22/2026 9:24:00 AM Directions (2) 231 Levels (2) Eastside North Total Spots 1880 9/22/2026 9:24:00 AM Directions (3) 455 Levels (3) Eastside South Total Spots 1341 9/22/2026 9:24:00 AM Directions (4) 168 Levels (4) S8 and S10 Total Spots 2104 9/22/2026 9:24:00 AM Directions (5) 596 Fullerton Free Church Total Spots 800 08/24/2026 - 12/10/2026 Directions (6) Open S8 and S10 are located at the corner of St. College and Yorba Linda.
2026-09-22 16:39:12,Availabile Parking Spaces Your browser does not support JavaScript! Available Parking Spaces Nutwood Structure Total Spots 2484 9/22/2026 9:39:00 AM Directions (1) Full Levels (1) State College Structure Total Spots 1373 9/22/2026 9:39:00 AM Directions (2) 112 Levels (2) Eastside North Total Spots 1880 9/22/2026 9:39:00 AM Directions (3) 271 Levels (3) Eastside South Total Spots 1341 9/22/2026 9:39:00 AM Directions (4) 78 Levels (4) S8 and S10 Total Spots 2104 9/22/2026 9:39:00 AM Directions (5) 641 Fullerton Free Church Total Spots 800 08/24/2026 - 12/10/2026 Directions (6) Open S8 and S10 are located at the corner of St. College and Yorba Linda.
2026-09-22 16:50:45,Availabile Parking Spaces Your browser does not support JavaScript! Available Parking Spaces Nutwood Structure Total Spots 2484 9/22/2026 9:51:00 AM Directions (1) 63 Levels (1) State College Structure Total Spots 1373 9/22/2026 9:51:00 AM Directions (2) 29 Levels (2) Eastside North Total Spots 1880 9/22/2026 9:51:00 AM Directions (3) 106 Levels (3) Eastside South Total Spots 1341 9/22/2026 9:51:00 AM Directions (4) 35 Levels (4) S8 and S10 Total Spots 2104 9/22/2026 9:51:00 AM Directions (5) 594 Fullerton Free Church Total Spots 800 08/24/2026 - 12/10/2026 Directions (6) Open S8 and S10 are located at the corner of St. College and Yorba Linda.
2026-09-22 17:06:09,Availabile Parking Spaces Your browser does not support JavaScript! Available Parking Spaces Nutwood Structure Total Spots 2484 9/22/2026 10:06:00 AM Directions (1) Full Levels (1) State College Structure Total Spots 1373 9/22/2026 10:06:00 AM Directions (2) 28 Levels (2) Eastside North Total Spots 1880 9/22/2026 10:06:00 AM Directions (3) 66 Levels (3) Eastside South Total Spots 1341 9/22/2026 10:06:00 AM Directions (4) Full Levels (4) S8 and S10 Total Spots 2104 9/22/2026 10:06:00 AM Directions (5) 544 Fullerton Free Church Total Spots 800 08/24/2026 - 12/10/2026 Directions (6) Open S8 and S10 are located at the corner of St. College and Yorba Linda.
2026-09-22 17:20:25,Availabile Parking Spaces Your browser does not support JavaScript! Available Parking Spaces Nutwood Structure Total Spots 2484 9/22/2026 10:20:00 AM Directions (1) Full Levels (1) State College Structure Total Spots 1373 9/22/2026 10:20:00 AM Directions (2) 37 Levels (2) Eastside North Total Spots 1880 9/22/2026 10:20:00 AM Directions (3) 70 Levels (3) Eastside South Total Spots 1341 9/22/2026 10:20:00 AM Directions (4) Full Levels (4) S8 and S10 Total Spots 2104 9/22/2026 10:20:00 AM Directions (5) 505 Fullerton Free Church Total Spots 800 08/24/2026 - 12/10/2026 Directions (6) Open S8 and S10 are located at the corner of St. College and Yorba Linda.
2026-09-22 17:36:23,Availabile Parking Spaces Your browser does not support JavaScript! Available Parking Spaces Nutwood Structure Total Spots 2484 9/22/2026 10:36:00 AM Directions (1) Full Levels (1) State College Structure Total Spots 1373 9/22/2026 10:36:00 AM Directions (2) 57 Levels (2) Eastside North Total Spots 1880 9/22/2026 10:36:00 AM Directions (3) 56 Levels (3) Eastside South Total Spots 1341 9/22/2026 10:36:00 AM Directions (4) Full Levels (4) S8 and S10 Total Spots 2104 9/22/2026 10:36:00 AM Directions (5) 526 Fullerton Free Church Total Spots 800 08/24/2026 - 12/10/2026 Directions (6) Open S8 and S10 are located at the corner of St. College and Yorba Linda.
2026-09-22 17:45:35,Availabile Parking Spaces Your browser does not support JavaScript! Available Parking Spaces Nutwood Structure Total Spots 2484 9/22/2026 10:46:00 AM Directions (1) 37 Levels (1) State College Structure Total Spots 1373 9/22/2026 10:46:00 AM Directions (2) 84 Levels (2) Eastside North Total Spots 1880 9/22/2026 10:46:00 AM Directions (3) 65 Levels (3) Eastside South Total Spots 1341 9/22/2026 10:46:00 AM Directions (4) Full Levels (4) S8 and S10 Total Spots 2104 9/22/2026 10:46:00 AM Directions (5) 473 Fullerton Free Church Total Spots 800 08/24/2026 - 12/10/2026 Directions (6) Open S8 and S10 are located at the corner of St. College and Yorba Linda.
2026-09-22 17:54:16,Availabile Parking Spaces Your browser does not support JavaScript! Available Parking Spaces Nutwood Structure Total Spots 2484 9/22/2026 10:54:00 AM Directions (1) Full Levels (1) State College Structure Total Spots 1373 9/22/2026 10:54:00 AM Directions (2) 95 Levels (2) Eastside North Total Spots 1880 9/22/2026 10:54:00 AM Directions (3) 62 Levels (3) Eastside South Total Spots 1341 9/22/2026 10:54:00 AM Directions (4) Full Levels (4) S8 and S10 Total Spots 2104 9/22/2026 10:54:00 AM Directions (5) 429 Fullerton Free Church Total Spots 800 08/24/2026 - 12/10/2026 Directions (6) Open S8 and S10 are located at the corner of St. College and Yorba Linda.
2026-09-22 18:08:26,Availabile Parking Spaces Your browser does not support JavaScript! Available Parking Spaces Nutwood Structure Total Spots 2484 9/22/2026 11:08:00 AM Directions (1) 42 Levels (1) State College Structure Total Spots 1373 9/22/2026 11:08:00 AM Directions (2) 144 Levels (2) Eastside North Total Spots 1880 9/22/2026 11:08:00 AM Directions (3) 65 Levels (3) Eastside South Total Spots 1341 9/22/2026 11:08:00 AM Directions (4) Full Levels (4) S8 and S10 Total Spots 2104 9/22/2026 11:08:00 AM Directions (5) 349 Fullerton Free Church Total Spots 800 08/24/2026 - 12/10/2026 Directions (6) Open S8 and S10 are located at the corner of St. College and Yorba Linda.
2026-09-22 18:26:49,Availabile Parking Spaces Your browser does not support JavaScript! Available Parking Spaces Nutwood Structure Total Spots 2484 9/22/2026 11:27:00 AM Directions (1) Full Levels (1) State College Structure Total Spots 1373 9/22/2026 11:27:00 AM Directions (2) 196 Levels (2) Eastside North Total Spots 1880 9/22/2026 11:27:00 AM Directions (3) 76 Levels (3) Eastside South Total Spots 1341 9/22/2026 11:27:00 AM Directions (4) Full Levels (4) S8 and S10 Total Spots 2104 9/22/2026 11:27:00 AM Directions (5) 269 Fullerton Free Church Total Spots 800 08/24/2026 - 12/10/2026 Directions (6) Open S8 and S10 are located at the corner of St. College and Yorba Linda.
2026-09-22 18:41:46,Availabile Parking Spaces Your browser does not support JavaScript! Available Parking Spaces Nutwood Structure Total Spots 2484 9/22/2026 11:42:00 AM Directions (1) Full Levels (1) State College Structure Total Spots 1373 9/22/2026 11:42:00 AM Directions (2) 217 Levels (2) Eastside North Total Spots 1880 9/22/2026 11:42:00 AM Directions (3) 107 Levels (3) Eastside South Total Spots 1341 9/22/2026 11:42:00 AM Directions (4) 58 Levels (4) S8 and S10 Total Spots 2104 9/22/2026 11:42:00 AM Directions (5) 397 Fullerton Free Church Total Spots 800 08/24/2026 - 12/10/2026 Directions (6) Open S8 and S10 are located at the corner of St. College and Yorba Linda.
2026-09-22 18:56:13,Availabile Parking Spaces Your browser does not support JavaScript! Available Parking Spaces Nutwood Structure Total Spots 2484 9/22/2026 11:56:00 AM Directions (1) Full Levels (1) State College Structure Total Spots 1373 9/22/2026 11:56:00 AM Directions (2) 222 Levels (2) Eastside North Total Spots 1880 9/22/2026 11:56:00 AM Directions (3) 105 Levels (3) Eastside South Total Spots 1341 9/22/2026 11:56:00 AM Directions (4) 41 Levels (4) S8 and S10 Total Spots 2104 9/22/2026 11:56:00 AM Directions (5) 390 Fullerton Free Church Total Spots 800 08/24/2026 - 12/10/2026 Directions (6) Open S8 and S10 are located at the corner of St. College and Yorba Linda.
2026-09-22 19:08:09,Availabile Parking Spaces Your browser does not support JavaScript! Available Parking Spaces Nutwood Structure Total Spots 2484 9/22/2026 12:08:00 PM Directions (1) Full Levels (1) State College Structure Total Spots 1373 9/22/2026 12:08:00 PM Directions (2) 231 Levels (2) Eastside North Total Spots 1880 9/22/2026 12:08:00 PM Directions (3) 90 Levels (3) Eastside South Total Spots 1341 9/22/2026 12:08:00 PM Directions (4) 31 Levels (4) S8 and S10 Total Spots 2104 9/22/2026 12:08:00 PM Directions (5) 403 Fullerton Free Church Total Spots 800 08/24/2026 - 12/10/2026 Directions (6) Open S8 and S10 are located at the corner of St. College and Yorba Linda.
2026-09-22 19:20:50,Availabile Parking Spaces Your browser does not support JavaScript! Available Parking Spaces Nutwood Structure Total Spots 2484 9/22/2026 12:21:00 PM Directions (1) Full Levels (1) State College Structure Total Spots 1373 9/22/2026 12:21:00 PM Directions (2) 241 Levels (2) Eastside North Total Spots 1880 9/22/2026 12:21:00 PM Directions (3) 97 Levels (3) Eastside South Total Spots 1341 9/22/2026 12:21:00 PM Directions (4) 13 Levels (4) S8 and S10 Total Spots 2104 9/22/2026 12:21:00 PM Directions (5) 405 Fullerton Free Church Total Spots 800 08/24/2026 - 12/10/2026 Directions (6) Open S8 and S10 are located at the corner of St. College and Yorba Linda.
2026-09-22 19:35:52,Availabile Parking Spaces Your browser does not support JavaScript! Available Parking Spaces Nutwood Structure Total Spots 2484 9/22/2026 12:36:00 PM Directions (1) 24 Levels (1) State College Structure Total Spots 1373 9/22/2026 12:36:00 PM Directions (2) 256 Levels (2) Eastside North Total Spots 1880 9/22/2026 12:36:00 PM Directions (3) 92 Levels (3) Eastside South Total Spots 1341 9/22/2026 12:36:00 PM Directions (4) Full Levels (4) S8 and S10 Total Spots 2104 9/22/2026 12:36:00 PM Directions (5) 394 Fullerton Free Church Total Spots 800 08/24/2026 - 12/10/2026 Directions (6) Open S8 and S10 are located at the corner of St. College and Yorba Linda.
2026-09-22 19:46:08,Availabile Parking Spaces Your browser does not support JavaScript! Available Parking Spaces Nutwood Structure Total Spots 2484 9/22/2026 12:46:00 PM Directions (1) 61 Levels (1) State College Structure Total Spots 1373 9/22/2026 12:46:00 PM Directions (2) 256 Levels (2) Eastside North Total Spots 1880 9/22/2026 12:46:00 PM Directions (3) 83 Levels (3) Eastside South Total Spots 1341 9/22/2026 12:46:00 PM Directions (4) Full Levels (4) S8 and S10 Total Spots 2104 9/22/2026 12:46:00 PM Directions (5) 385 Fullerton Free Church Total Spots 800 08/24/2026 - 12/10/2026 Directions (6) Open S8 and S10 are located at the corner of St. College and Yorba Linda.
2026-09-22 19:54:46,Availabile Parking Spaces Your browser does not support JavaScript! Available Parking Spaces Nutwood Structure Total Spots 2484 9/22/2026 12:55:00 PM Directions (1) Full Levels (1) State College Structure Total Spots 1373 9/22/2026 12:55:00 PM Directions (2) 258 Levels (2) Eastside North Total Spots 1880 9/22/2026 12:55:00 PM Directions (3) 88 Levels (3) Eastside South Total Spots 1341 9/22/2026 12:55:00 PM Directions (4) Full Levels (4) S8 and S10 Total Spots 2104 9/22/2026 12:55:00 PM Directions (5) 390 Fullerton Free Church Total Spots 800 08/24/2026 - 12/10/2026 Directions (6) Open S8 and S10 are located at the corner of St. College and Yorba Linda.
2026-09-22 20:06:25,Availabile Parking Spaces Your browser does not support JavaScript! Available Parking Spaces Nutwood Structure Total Spots 2484 9/22/2026 1:06:00 PM Directions (1) Full Levels (1) State College Structure Total Spots 1373 9/22/2026 1:06:00 PM Directions (2) 260 Levels (2) Eastside North Total Spots 1880 9/22/2026 1:06:00 PM Directions (3) 108 Levels (3) Eastside South Total Spots 1341 9/22/2026 1:06:00 PM Directions (4) 54 Levels (4) S8 and S10 Total Spots 2104 9/22/2026 1:06:00 PM Directions (5) 412 Fullerton Free Church Total Spots 800 08/24/2026 - 12/10/2026 Directions (6) Open S8 and S10 are located at the corner of St. College and Yorba Linda.
2026-09-22 20:20:29,Availabile Parking Spaces Your browser does not support JavaScript! Available Parking Spaces Nutwood Structure Total Spots 2484 9/22/2026 1:20:00 PM Directions (1) Full Levels (1) State College Structure Total Spots 1373 9/22/2026 1:20:00 PM Directions (2) 308 Levels (2) Eastside North Total Spots 1880 9/22/2026 1:20:00 PM Directions (3) 145 Levels (3) Eastside South Total Spots 1341 9/22/2026 1:20:00 PM Directions (4) 68 Levels (4) S8 and S10 Total Spots 2104 9/22/2026 1:20:00 PM Directions (5) 452 Fullerton Free Church Total Spots 800 08/24/2026 - 12/10/2026 Directions (6) Open S8 and S10 are located at the corner of St. College and Yorba Linda.
2026-09-22 20:37:45,Availabile Parking Spaces Your browser does not support JavaScript! Available Parking Spaces Nutwood Structure Total Spots 2484 9/22/2026 1:38:00 PM Directions (1) Full Levels (1) State College Structure Total Spots 1373 9/22/2026 1:38:00 PM Directions (2) 319 Levels (2) Eastside North Total Spots 1880 9/22/2026 1:38:00 PM Directions (3) 143 Levels (3) Eastside South Total Spots 1341 9/22/2026 1:38:00 PM Directions (4) 44 Levels (4) S8 and S10 Total Spots 2104 9/22/2026 1:38:00 PM Directions (5) 401 Fullerton Free Church Total Spots 800 08/24/2026 - 12/10/2026 Directions (6) Open S8 and S10 are located at the corner of St. College and Yorba Linda.
2026-09-22 20:48:28,Availabile Parking Spaces Your browser does not support JavaScript! Available Parking Spaces Nutwood Structure Total Spots 2484 9/22/2026 1:48:00 PM Directions (1) Full Levels (1) State College Structure Total Spots 1373 9/22/2026 1:48:00 PM Directions (2) 323 Levels (2) Eastside North Total Spots 1880 9/22/2026 1:48:00 PM Directions (3) 123 Levels (3) Eastside South Total Spots 1341 9/22/2026 1:48:00 PM Directions (4) 41 Levels (4) S8 and S10 Total Spots 2104 9/22/2026 1:48:00 PM Directions (5) 406 Fullerton Free Church Total Spots 800 08/24/2026 - 12/10/2026 Directions (6) Open S8 and S10 are located at the corner of St. College and Yorba Linda.
2026-09-22 20:56:57,Availabile Parking Spaces Your browser does not support JavaScript! Available Parking Spaces Nutwood Structure Total Spots 2484 9/22/2026 1:57:00 PM Directions (1) Full Levels (1) State College Structure Total Spots 1373 9/22/2026 1:57:00 PM Directions (2) 321 Levels (2) Eastside North Total Spots 1880 9/22/2026 1:57:00 PM Directions (3) 119 Levels (3) Eastside South Total Spots 1341 9/22/2026 1:57:00 PM Directions (4) 29 Levels (4) S8 and S10 Total Spots 2104 9/22/2026 1:57:00 PM Directions (5) 401 Fullerton Free Church Total Spots 800 08/24/2026 - 12/10/2026 Directions (6) Open S8 and S10 are located at the corner of St. College and Yorba Linda.
2026-09-22 21:09:30,Availabile Parking Spaces Your browser does not support JavaScript! Available Parking Spaces Nutwood Structure Total Spots 2484 9/22/2026 2:09:00 PM Directions (1) Full Levels (1) State College Structure Total Spots 1373 9/22/2026 2:09:00 PM Directions (2) 327 Levels (2) Eastside North Total Spots 1880 9/22/2026 2:09:00 PM Directions (3) 118 Levels (3) Eastside South Total Spots 1341 9/22/2026 2:09:00 PM Directions (4) Full Levels (4) S8 and S10 Total Spots 2104 9/22/2026 2:09:00 PM Directions (5) 398 Fullerton Free Church Total Spots 800 08/24/2026 - 12/10/2026 Directions (6) Open S8 and S10 are located at the corner of St. College and Yorba Linda.
2026-09-22 21:22:08,Availabile Parking Spaces Your browser does not support JavaScript! Available Parking Spaces Nutwood Structure Total Spots 2484 9/22/2026 2:22:00 PM Directions (1) Full Levels (1) State College Structure Total Spots 1373 9/22/2026 2:22:00 PM Directions (2) 324 Levels (2) Eastside North Total Spots 1880 9/22/2026 2:22:00 PM Directions (3) 105 Levels (3) Eastside South Total Spots 1341 9/22/2026 2:22:00 PM Directions (4) Full Levels (4) S8 and S10 Total Spots 2104 9/22/2026 2:22:00 PM Directions (5) 411 Fullerton Free Church Total Spots 800 08/24/2026 - 12/10/2026 Directions (6) Open S8 and S10 are located at the corner of St. College and Yorba Linda.
2026-09-22 21:36:44,Availabile Parking Spaces Your browser does not support JavaScript! Available Parking Spaces Nutwood Structure Total Spots 2484 9/22/2026 2:37:00 PM Directions (1) 30 Levels (1) State College Structure Total Spots 1373 9/22/2026 2:37:00 PM Directions (2) 96 Levels (2) Eastside North Total Spots 1880 9/22/2026 2:37:00 PM Directions (3) 232 Levels (3) Eastside South Total Spots 1341 9/22/2026 2:37:00 PM Directions (4) 96 Levels (4) S8 and S10 Total Spots 2104 9/22/2026 2:37:00 PM Directions (5) 411 Fullerton Free Church Total Spots 800 08/24/2026 - 12/10/2026 Directions (6) Open S8 and S10 are located at the corner of St. College and Yorba Linda.
2026-09-22 21:46:56,Availabile Parking Spaces Your browser does not support JavaScript! Available Parking Spaces Nutwood Structure Total Spots 2484 9/22/2026 2:47:00 PM Directions (1) Full Levels (1) State College Structure Total Spots 1373 9/22/2026 2:47:00 PM Directions (2) 104 Levels (2) Eastside North Total Spots 1880 9/22/2026 2:47:00 PM Directions (3) 248 Levels (3) Eastside South Total Spots 1341 9/22/2026 2:47:00 PM Directions (4) 93 Levels (4) S8 and S10 Total Spots 2104 9/22/2026 2:47:00 PM Directions (5) 439 Fullerton Free Church Total Spots 800 08/24/2026 - 12/10/2026 Directions (6) Open S8 and S10 are located at the corner of St. College and Yorba Linda.
2026-09-22 21:55:15,Availabile Parking Spaces Your browser does not support JavaScript! Available Parking Spaces Nutwood Structure Total Spots 2484 9/22/2026 2:55:00 PM Directions (1) Full Levels (1) State College Structure Total Spots 1373 9/22/2026 2:55:00 PM Directions (2) 107 Levels (2) Eastside North Total Spots 1880 9/22/2026 2:55:00 PM Directions (3) 246 Levels (3) Eastside South Total Spots 1341 9/22/2026 2:55:00 PM Directions (4) 85 Levels (4) S8 and S10 Total Spots 2104 9/22/2026 2:55:00 PM Directions (5) 465 Fullerton Free Church Total Spots 800 08/24/2026 - 12/10/2026 Directions (6) Open S8 and S10 are located at the corner of St. College and Yorba Linda.
2026-09-22 22:06:27,Availabile Parking Spaces Your browser does not support JavaScript! Available Parking Spaces Nutwood Structure Total Spots 2484 9/22/2026 3:06:00 PM Directions (1) Full Levels (1) State College Structure Total Spots 1373 9/22/2026 3:06:00 PM Directions (2) 141 Levels (2) Eastside North Total Spots 1880 9/22/2026 3:06:00 PM Directions (3) 269 Levels (3) Eastside South Total Spots 1341 9/22/2026 3:06:00 PM Directions (4) 76 Levels (4) S8 and S10 Total Spots 2104 9/22/2026 3:06:00 PM Directions (5) 475 Fullerton Free Church Total Spots 800 08/24/2026 - 12/10/2026 Directions (6) Open S8 and S10 are located at the corner of St. College and Yorba Linda.
2026-09-22 22:20:38,Availabile Parking Spaces Your browser does not support JavaScript! Available Parking Spaces Nutwood Structure Total Spots 2484 9/22/2026 3:21:00 PM Directions (1) Full Levels (1) State College Structure Total Spots 1373 9/22/2026 3:21:00 PM Directions (2) 154 Levels (2) Eastside North Total Spots 1880 9/22/2026 3:21:00 PM Directions (3) 273 Levels (3) Eastside South Total Spots 1341 9/22/2026 3:21:00 PM Directions (4) 66 Levels (4) S8 and S10 Total Spots 2104 9/22/2026 3:21:00 PM Directions (5) 506 Fullerton Free Church Total Spots 800 08/24/2026 - 12/10/2026 Directions (6) Open S8 and S10 are located at the corner of St. College and Yorba Linda.
2026-09-22 22:36:45,Availabile Parking Spaces Your browser does not support JavaScript! Available Parking Spaces Nutwood Structure Total Spots 2484 9/22/2026 3:37:00 PM Directions (1) Full Levels (1) State College Structure Total Spots 1373 9/22/2026 3:37:00 PM Directions (2) 175 Levels (2) Eastside North Total Spots 1880 9/22/2026 3:37:00 PM Directions (3) 266 Levels (3) Eastside South Total Spots 1341 9/22/2026 3:37:00 PM Directions (4) 60 Levels (4) S8 and S10 Total Spots 2104 9/22/2026 3:37:00 PM Directions (5) 479 Fullerton Free Church Total Spots 800 08/24/2026 - 12/10/2026 Directions (6) Open S8 and S10 are located at the corner of St. College and Yorba Linda.
2026-09-22 22:46:28,Availabile Parking Spaces Your browser does not support JavaScript! Available Parking Spaces Nutwood Structure Total Spots 2484 9/22/2026 3:46:00 PM Directions (1) Full Levels (1) State College Structure Total Spots 1373 9/22/2026 3:46:00 PM Directions (2) 190 Levels (2) Eastside North Total Spots 1880 9/22/2026 3:46:00 PM Directions (3) 272 Levels (3) Eastside South Total Spots 1341 9/22/2026 3:46:00 PM Directions (4) 66 Levels (4) S8 and S10 Total Spots 2104 9/22/2026 3:46:00 PM Directions (5) 491 Fullerton Free Church Total Spots 800 08/24/2026 - 12/10/2026 Directions (6) Open S8 and S10 are located at the corner of St. College and Yorba Linda.
2026-09-22 22:54:56,Availabile Parking Spaces Your browser does not support JavaScript! Available Parking Spaces Nutwood Structure Total Spots 2484 9/22/2026 3:55:00 PM Directions (1) 81 Levels (1) State College Structure Total Spots 1373 9/22/2026 3:55:00 PM Directions (2) 249 Levels (2) Eastside North Total Spots 1880 9/22/2026 3:55:00 PM Directions (3) 348 Levels (3) Eastside South Total Spots 1341 9/22/2026 3:55:00 PM Directions (4) 89 Levels (4) S8 and S10 Total Spots 2104 9/22/2026 3:55:00 PM Directions (5) 521 Fullerton Free Church Total Spots 800 08/24/2026 - 12/10/2026 Directions (6) Open S8 and S10 are located at the corner of St. College and Yorba Linda.
2026-09-22 23:06:08,Availabile Parking Spaces Your browser does not support JavaScript! Available Parking Spaces Nutwood Structure Total Spots 2484 9/22/2026 4:06:00 PM Directions (1) 169 Levels (1) State College Structure Total Spots 1373 9/22/2026 4:06:00 PM Directions (2) 324 Levels (2) Eastside North Total Spots 1880 9/22/2026 4:06:00 PM Directions (3) 470 Levels (3) Eastside South Total Spots 1341 9/22/2026 4:06:00 PM Directions (4) 165 Levels (4) S8 and S10 Total Spots 2104 9/22/2026 4:06:00 PM Directions (5) 565 Fullerton Free Church Total Spots 800 08/24/2026 - 12/10/2026 Directions (6) Open S8 and S10 are located at the corner of St. College and Yorba Linda.
2026-09-22 23:19:07,Availabile Parking Spaces Your browser does not support JavaScript! Available Parking Spaces Nutwood Structure Total Spots 2484 9/22/2026 4:19:00 PM Directions (1) 300 Levels (1) State College Structure Total Spots 1373 9/22/2026 4:19:00 PM Directions (2) 369 Levels (2) Eastside North Total Spots 1880 9/22/2026 4:19:00 PM Directions (3) 566 Levels (3) Eastside South Total Spots 1341 9/22/2026 4:19:00 PM Directions (4) 241 Levels (4) S8 and S10 Total Spots 2104 9/22/2026 4:19:00 PM Directions (5) 620 Fullerton Free Church Total Spots 800 08/24/2026 - 12/10/2026 Directions (6) Open S8 and S10 are located at the corner of St. College and Yorba Linda.
2026-09-22 23:30:13,Availabile Parking Spaces Your browser does not support JavaScript! Available Parking Spaces Nutwood Structure Total Spots 2484 9/22/2026 4:30:00 PM Directions (1) 328 Levels (1) State College Structure Total Spots 1373 9/22/2026 4:30:00 PM Directions (2) 361 Levels (2) Eastside North Total Spots 1880 9/22/2026 4:30:00 PM Directions (3) 584 Levels (3) Eastside South Total Spots 1341 9/22/2026 4:30:00 PM Directions (4) 247 Levels (4) S8 and S10 Total Spots 2104 9/22/2026 4:30:00 PM Directions (5) 642 Fullerton Free Church Total Spots 800 08/24/2026 - 12/10/2026 Directions (6) Open S8 and S10 are located at the corner of St. College and Yorba Linda.
2026-09-22 23:44:10,Availabile Parking Spaces Your browser does not support JavaScript! Available Parking Spaces Nutwood Structure Total Spots 2484 9/22/2026 4:44:00 PM Directions (1) 361 Levels (1) State College Structure Total Spots 1373 9/22/2026 4:44:00 PM Directions (2) 389 Levels (2) Eastside North Total Spots 1880 9/22/2026 4:44:00 PM Directions (3) 600 Levels (3) Eastside South Total Spots 1341 9/22/2026 4:44:00 PM Directions (4) 238 Levels (4) S8 and S10 Total Spots 2104 9/22/2026 4:44:00 PM Directions (5) 547 Fullerton Free Church Total Spots 800 08/24/2026 - 12/10/2026 Directions (6) Open S8 and S10 are located at the corner of St. College and Yorba Linda.
2026-09-22 23:53:30,Availabile Parking Spaces Your browser does not support JavaScript! Available Parking Spaces Nutwood Structure Total Spots 2484 9/22/2026 4:53:00 PM Directions (1) 387 Levels (1) State College Structure Total Spots 1373 9/22/2026 4:53:00 PM Directions (2) 400 Levels (2) Eastside North Total Spots 1880 9/22/2026 4:53:00 PM Directions (3) 601 Levels (3) Eastside South Total Spots 1341 9/22/2026 4:53:00 PM Directions (4) 237 Levels (4) S8 and S10 Total Spots 2104 9/22/2026 4:53:00 PM Directions (5) 554 Fullerton Free Church Total Spots 800 08/24/2026 - 12/10/2026 Directions (6) Open S8 and S10 are located at the corner of St. College and Yorba Linda.
2026-09-23 00:18:16,Availabile Parking Spaces Your browser does not support JavaScript! Available Parking Spaces Nutwood Structure Total Spots 2484 9/22/2026 5:18:00 PM Directions (1) 525 Levels (1) State College Structure Total Spots 1373 9/22/2026 5:18:00 PM Directions (2) 454 Levels (2) Eastside North Total Spots 1880 9/22/2026 5:18:00 PM Directions (3) 621 Levels (3) Eastside South Total Spots 1341 9/22/2026 5:18:00 PM Directions (4) 269 Levels (4) S8 and S10 Total Spots 2104 9/22/2026 5:18:00 PM Directions (5) 584 Fullerton Free Church Total Spots 800 08/24/2026 - 12/10/2026 Directions (6) Open S8 and S10 are located at the corner of St. College and Yorba Linda.
2026-09-23 00:38:07,Availabile Parking Spaces Your browser does not support JavaScript! Available Parking Spaces Nutwood Structure Total Spots 2484 9/22/2026 5:38:00 PM Directions (1) 696 Levels (1) State College Structure Total Spots 1373 9/22/2026 5:38:00 PM Directions (2) 520 Levels (2) Eastside North Total Spots 1880 9/22/2026 5:38:00 PM Directions (3) 790 Levels (3) Eastside South Total Spots 1341 9/22/2026 5:38:00 PM Directions (4) 400 Levels (4) S8 and S10 Total Spots 2104 9/22/2026 5:38:00 PM Directions (5) 570 Fullerton Free Church Total Spots 800 08/24/2026 - 12/10/2026 Directions (6) Open S8 and S10 are located at the corner of St. College and Yorba Linda.
2026-09-23 00:54:32,Availabile Parking Spaces Your browser does not support JavaScript! Available Parking Spaces Nutwood Structure Total Spots 2484 9/22/2026 5:54:00 PM Directions (1) 773 Levels (1) State College Structure Total Spots 1373 9/22/2026 5:54:00 PM Directions (2) 547 Levels (2) Eastside North Total Spots 1880 9/22/2026 5:54:00 PM Directions (3) 819 Levels (3) Eastside South Total Spots 1341 9/22/2026 5:54:00 PM Directions (4) 415 Levels (4) S8 and S10 Total Spots 2104 9/22/2026 5:54:00 PM Directions (5) 602 Fullerton Free Church Total Spots 800 08/24/2026 - 12/10/2026 Directions (6) Open S8 and S10 are located at the corner of St. College and Yorba Linda.
2026-09-23 15:07:07,Availabile Parking Spaces Your browser does not support JavaScript! Available Parking Spaces Nutwood Structure Total Spots 2484 9/23/2026 8:07:00 AM Directions (1) 826 Levels (1) State College Structure Total Spots 1373 9/23/2026 8:07:00 AM Directions (2) 851 Levels (2) Eastside North Total Spots 1880 9/23/2026 8:07:00 AM Directions (3) 1396 Levels (3) Eastside South Total Spots 1341 9/23/2026 8:07:00 AM Directions (4) 757 Levels (4) S8 and S10 Total Spots 2104 9/23/2026 8:07:00 AM Directions (5) 685 Fullerton Free Church Total Spots 800 08/24/2026 - 12/10/2026 Directions (6) Open S8 and S10 are located at the corner of St. College and Yorba Linda.
2026-09-23 15:22:41,Availabile Parking Spaces Your browser does not support JavaScript! Available Parking Spaces Nutwood Structure Total Spots 2484 9/23/2026 8:23:00 AM Directions (1) 784 Levels (1) State College Structure Total Spots 1373 9/23/2026 8:23:00 AM Directions (2) 728 Levels (2) Eastside North Total Spots 1880 9/23/2026 8:23:00 AM Directions (3) 1124 Levels (3) Eastside South Total Spots 1341 9/23/2026 8:23:00 AM Directions (4) 571 Levels (4) S8 and S10 Total Spots 2104 9/23/2026 8:23:00 AM Directions (5) 662 Fullerton Free Church Total Spots 800 08/24/2026 - 12/10/2026 Directions (6) Open S8 and S10 are located at the corner of St. College and Yorba Linda.
2026-09-23 15:39:39,Availabile Parking Spaces Your browser does not support JavaScript! Available Parking Spaces Nutwood Structure Total Spots 2484 9/23/2026 8:40:00 AM Directions (1) Full Levels (1) State College Structure Total Spots 1373 9/23/2026 8:40:00 AM Directions (2) 627 Levels (2) Eastside North Total Spots 1880 9/23/2026 8:40:00 AM Directions (3) 906 Levels (3) Eastside South Total Spots 1341 9/23/2026 8:40:00 AM Directions (4) 397 Levels (4) S8 and S10 Total Spots 2104 9/23/2026 8:40:00 AM Directions (5) 685 Fullerton Free Church Total Spots 800 08/24/2026 - 12/10/2026 Directions (6) Open S8 and S10 are located at the corner of St. College and Yorba Linda.
2026-09-23 15:51:45,Availabile Parking Spaces Your browser does not support JavaScript! Available Parking Spaces Nutwood Structure Total Spots 2484 9/23/2026 8:52:00 AM Directions (1) 91 Levels (1) State College Structure Total Spots 1373 9/23/2026 8:52:00 AM Directions (2) 517 Levels (2) Eastside North Total Spots 1880 9/23/2026 8:52:00 AM Directions (3) 763 Levels (3) Eastside South Total Spots 1341 9/23/2026 8:52:00 AM Directions (4) 337 Levels (4) S8 and S10 Total Spots 2104 9/23/2026 8:52:00 AM Directions (5) 674 Fullerton Free Church Total Spots 800 08/24/2026 - 12/10/2026 Directions (6) Open S8 and S10 are located at the corner of St. College and Yorba Linda.
2026-09-23 16:07:24,Availabile Parking Spaces Your browser does not support JavaScript! Available Parking Spaces Nutwood Structure Total Spots 2484 9/23/2026 9:07:00 AM Directions (1) 64 Levels (1) State College Structure Total Spots 1373 9/23/2026 9:07:00 AM Directions (2) 415 Levels (2) Eastside North Total Spots 1880 9/23/2026 9:07:00 AM Directions (3) 624 Levels (3) Eastside South Total Spots 1341 9/23/2026 9:07:00 AM Directions (4) 261 Levels (4) S8 and S10 Total Spots 2104 9/23/2026 9:07:00 AM Directions (5) 665 Fullerton Free Church Total Spots 800 08/24/2026 - 12/10/2026 Directions (6) Open S8 and S10 are located at the corner of St. College and Yorba Linda.
2026-09-23 16:24:17,Availabile Parking Spaces Your browser does not support JavaScript! Available Parking Spaces Nutwood Structure Total Spots 2484 9/23/2026 9:24:00 AM Directions (1) Full Levels (1) State College Structure Total Spots 1373 9/23/2026 9:24:00 AM Directions (2) 307 Levels (2) Eastside North Total Spots 1880 9/23/2026 9:24:00 AM Directions (3) 470 Levels (3) Eastside South Total Spots 1341 9/23/2026 9:24:00 AM Directions (4) 187 Levels (4) S8 and S10 Total Spots 2104 9/23/2026 9:24:00 AM Directions (5) 617 Fullerton Free Church Total Spots 800 08/24/2026 - 12/10/2026 Directions (6) Open S8 and S10 are located at the corner of St. College and Yorba Linda.
2026-09-23 16:39:52,Availabile Parking Spaces Your browser does not support JavaScript! Available Parking Spaces Nutwood Structure Total Spots 2484 9/23/2026 9:40:00 AM Directions (1) Full Levels (1) State College Structure Total Spots 1373 9/23/2026 9:40:00 AM Directions (2) 151 Levels (2) Eastside North Total Spots 1880 9/23/2026 9:40:00 AM Directions (3) 290 Levels (3) Eastside South Total Spots 1341 9/23/2026 9:40:00 AM Directions (4) 116 Levels (4) S8 and S10 Total Spots 2104 9/23/2026 9:40:00 AM Directions (5) 647 Fullerton Free Church Total Spots 800 08/24/2026 - 12/10/2026 Directions (6) Open S8 and S10 are located at the corner of St. College and Yorba Linda.
2026-09-23 16:52:02,Availabile Parking Spaces Your browser does not support JavaScript! Available Parking Spaces Nutwood Structure Total Spots 2484 9/23/2026 9:52:00 AM Directions (1) Full Levels (1) State College Structure Total Spots 1373 9/23/2026 9:52:00 AM Directions (2) 68 Levels (2) Eastside North Total Spots 1880 9/23/2026 9:52:00 AM Directions (3) 160 Levels (3) Eastside South Total Spots 1341 9/23/2026 9:52:00 AM Directions (4) 82 Levels (4) S8 and S10 Total Spots 2104 9/23/2026 9:52:00 AM Directions (5) 609 Fullerton Free Church Total Spots 800 08/24/2026 - 12/10/2026 Directions (6) Open S8 and S10 are located at the corner of St. College and Yorba Linda.
2026-09-23 17:06:39,Availabile Parking Spaces Your browser does not support JavaScript! Available Parking Spaces Nutwood Structure Total Spots 2484 9/23/2026 10:07:00 AM Directions (1) Full Levels (1) State College Structure Total Spots 1373 9/23/2026 10:07:00 AM Directions (2) Full Levels (2) Eastside North Total Spots 1880 9/23/2026 10:07:00 AM Directions (3) 115 Levels (3) Eastside South Total Spots 1341 9/23/2026 10:07:00 AM Directions (4) 105 Levels (4) S8 and S10 Total Spots 2104 9/23/2026 10:07:00 AM Directions (5) 576 Fullerton Free Church Total Spots 800 08/24/2026 - 12/10/2026 Directions (6) Open S8 and S10 are located at the corner of St. College and Yorba Linda.
2026-09-23 17:22:03,Availabile Parking Spaces Your browser does not support JavaScript! Available Parking Spaces Nutwood Structure Total Spots 2484 9/23/2026 10:22:00 AM Directions (1) Full Levels (1) State College Structure Total Spots 1373 9/23/2026 10:22:00 AM Directions (2) Full Levels (2) Eastside North Total Spots 1880 9/23/2026 10:22:00 AM Directions (3) 93 Levels (3) Eastside South Total Spots 1341 9/23/2026 10:22:00 AM Directions (4) 69 Levels (4) S8 and S10 Total Spots 2104 9/23/2026 10:22:00 AM Directions (5) 540 Fullerton Free Church Total Spots 800 08/24/2026 - 12/10/2026 Directions (6) Open S8 and S10 are located at the corner of St. College and Yorba Linda.
2026-09-23 17:37:24,Availabile Parking Spaces Your browser does not support JavaScript! Available Parking Spaces Nutwood Structure Total Spots 2484 9/23/2026 10:37:00 AM Directions (1) Full Levels (1) State College Structure Total Spots 1373 9/23/2026 10:37:00 AM Directions (2) Full Levels (2) Eastside North Total Spots 1880 9/23/2026 10:37:00 AM Directions (3) 61 Levels (3) Eastside South Total Spots 1341 9/23/2026 10:37:00 AM Directions (4) 27 Levels (4) S8 and S10 Total Spots 2104 9/23/2026 10:37:00 AM Directions (5) 568 Fullerton Free Church Total Spots 800 08/24/2026 - 12/10/2026 Directions (6) Open S8 and S10 are located at the corner of St. College and Yorba Linda.
2026-09-23 17:47:16,Availabile Parking Spaces Your browser does not support JavaScript! Available Parking Spaces Nutwood Structure Total Spots 2484 9/23/2026 10:47:00 AM Directions (1) 29 Levels (1) State College Structure Total Spots 1373 9/23/2026 10:47:00 AM Directions (2) Full Levels (2) Eastside North Total Spots 1880 9/23/2026 10:47:00 AM Directions (3) 50 Levels (3) Eastside South Total Spots 1341 9/23/2026 10:47:00 AM Directions (4) Full Levels (4) S8 and S10 Total Spots 2104 9/23/2026 10:47:00 AM Directions (5) 530 Fullerton Free Church Total Spots 800 08/24/2026 - 12/10/2026 Directions (6) Open S8 and S10 are located at the corner of St. College and Yorba Linda.
2026-09-23 17:55:31,Availabile Parking Spaces Your browser does not support JavaScript! Available Parking Spaces Nutwood Structure Total Spots 2484 9/23/2026 10:55:00 AM Directions (1) 68 Levels (1) State College Structure Total Spots 1373 9/23/2026 10:55:00 AM Directions (2) Full Levels (2) Eastside North Total Spots 1880 9/23/2026 10:55:00 AM Directions (3) 49 Levels (3) Eastside South Total Spots 1341 9/23/2026 10:55:00 AM Directions (4) Full Levels (4) S8 and S10 Total Spots 2104 9/23/2026 10:55:00 AM Directions (5) 495 Fullerton Free Church Total Spots 800 08/24/2026 - 12/10/2026 Directions (6) Open S8 and S10 are located at the corner of St. College and Yorba Linda.
2026-09-23 18:09:59,Availabile Parking Spaces Your browser does not support JavaScript! Available Parking Spaces Nutwood Structure Total Spots 2484 9/23/2026 11:10:00 AM Directions (1) 132 Levels (1) State College Structure Total Spots 1373 9/23/2026 11:10:00 AM Directions (2) Full Levels (2) Eastside North Total Spots 1880 9/23/2026 11:10:00 AM Directions (3) 28 Levels (3) Eastside South Total Spots 1341 9/23/2026 11:10:00 AM Directions (4) Full Levels (4) S8 and S10 Total Spots 2104 9/23/2026 11:10:00 AM Directions (5) 455 Fullerton Free Church Total Spots 800 08/24/2026 - 12/10/2026 Directions (6) Open S8 and S10 are located at the corner of St. College and Yorba Linda.
2026-09-23 18:28:02,Availabile Parking Spaces Your browser does not support JavaScript! Available Parking Spaces Nutwood Structure Total Spots 2484 9/23/2026 11:28:00 AM Directions (1) 232 Levels (1) State College Structure Total Spots 1373 9/23/2026 11:28:00 AM Directions (2) 21 Levels (2) Eastside North Total Spots 1880 9/23/2026 11:28:00 AM Directions (3) 33 Levels (3) Eastside South Total Spots 1341 9/23/2026 11:28:00 AM Directions (4) 15 Levels (4) S8 and S10 Total Spots 2104 9/23/2026 11:28:00 AM Directions (5) 413 Fullerton Free Church Total Spots 800 08/24/2026 - 12/10/2026 Directions (6) Open S8 and S10 are located at the corner of St. College and Yorba Linda.
2026-09-23 18:43:16,Availabile Parking Spaces Your browser does not support JavaScript! Available Parking Spaces Nutwood Structure Total Spots 2484 9/23/2026 11:43:00 AM Directions (1) Full Levels (1) State College Structure Total Spots 1373 9/23/2026 11:43:00 AM Directions (2) 25 Levels (2) Eastside North Total Spots 1880 9/23/2026 11:43:00 AM Directions (3) 42 Levels (3) Eastside South Total Spots 1341 9/23/2026 11:43:00 AM Directions (4) 29 Levels (4) S8 and S10 Total Spots 2104 9/23/2026 11:43:00 AM Directions (5) 488 Fullerton Free Church Total Spots 800 08/24/2026 - 12/10/2026 Directions (6) Open S8 and S10 are located at the corner of St. College and Yorba Linda.
2026-09-23 18:55:58,Availabile Parking Spaces Your browser does not support JavaScript! Available Parking Spaces Nutwood Structure Total Spots 2484 9/23/2026 11:56:00 AM Directions (1) 23 Levels (1) State College Structure Total Spots 1373 9/23/2026 11:56:00 AM Directions (2) 21 Levels (2) Eastside North Total Spots 1880 9/23/2026 11:56:00 AM Directions (3) 42 Levels (3) Eastside South Total Spots 1341 9/23/2026 11:56:00 AM Directions (4) 21 Levels (4) S8 and S10 Total Spots 2104 9/23/2026 11:56:00 AM Directions (5) 487 Fullerton Free Church Total Spots 800 08/24/2026 - 12/10/2026 Directions (6) Open S8 and S10 are located at the corner of St. College and Yorba Linda.
2026-09-23 19:07:48,Availabile Parking Spaces Your browser does not support JavaScript! Available Parking Spaces Nutwood Structure Total Spots 2484 9/23/2026 12:08:00 PM Directions (1) 72 Levels (1) State College Structure Total Spots 1373 9/23/2026 12:08:00 PM Directions (2) Full Levels (2) Eastside North Total Spots 1880 9/23/2026 12:08:00 PM Directions (3) 45 Levels (3) Eastside South Total Spots 1341 9/23/2026 12:08:00 PM Directions (4) Full Levels (4) S8 and S10 Total Spots 2104 9/23/2026 12:08:00 PM Directions (5) 496 Fullerton Free Church Total Spots 800 08/24/2026 - 12/10/2026 Directions (6) Open S8 and S10 are located at the corner of St. College and Yorba Linda.
2026-09-23 19:21:26,Availabile Parking Spaces Your browser does not support JavaScript! Available Parking Spaces Nutwood Structure Total Spots 2484 9/23/2026 12:21:00 PM Directions (1) Full Levels (1) State College Structure Total Spots 1373 9/23/2026 12:21:00 PM Directions (2) Full Levels (2) Eastside North Total Spots 1880 9/23/2026 12:21:00 PM Directions (3) 36 Levels (3) Eastside South Total Spots 1341 9/23/2026 12:21:00 PM Directions (4) Full Levels (4) S8 and S10 Total Spots 2104 9/23/2026 12:21:00 PM Directions (5) 490 Fullerton Free Church Total Spots 800 08/24/2026 - 12/10/2026 Directions (6) Open S8 and S10 are located at the corner of St. College and Yorba Linda.
2026-09-23 19:37:38,Availabile Parking Spaces Your browser does not support JavaScript! Available Parking Spaces Nutwood Structure Total Spots 2484 9/23/2026 12:38:00 PM Directions (1) 52 Levels (1) State College Structure Total Spots 1373 9/23/2026 12:38:00 PM Directions (2) Full Levels (2) Eastside North Total Spots 1880 9/23/2026 12:38:00 PM Directions (3) 33 Levels (3) Eastside South Total Spots 1341 9/23/2026 12:38:00 PM Directions (4) Full Levels (4) S8 and S10 Total Spots 2104 9/23/2026 12:38:00 PM Directions (5) 480 Fullerton Free Church Total Spots 800 08/24/2026 - 12/10/2026 Directions (6) Open S8 and S10 are located at the corner of St. College and Yorba Linda.
2026-09-23 19:47:45,Availabile Parking Spaces Your browser does not support JavaScript! Available Parking Spaces Nutwood Structure Total Spots 2484 9/23/2026 12:48:00 PM Directions (1) 103 Levels (1) State College Structure Total Spots 1373 9/23/2026 12:48:00 PM Directions (2) Full Levels (2) Eastside North Total Spots 1880 9/23/2026 12:48:00 PM Directions (3) 33 Levels (3) Eastside South Total Spots 1341 9/23/2026 12:48:00 PM Directions (4) Full Levels (4) S8 and S10 Total Spots 2104 9/23/2026 12:48:00 PM Directions (5) 472 Fullerton Free Church Total Spots 800 08/24/2026 - 12/10/2026 Directions (6) Open S8 and S10 are located at the corner of St. College and Yorba Linda.
2026-09-23 19:56:50,Availabile Parking Spaces Your browser does not support JavaScript! Available Parking Spaces Nutwood Structure Total Spots 2484 9/23/2026 12:57:00 PM Directions (1) 165 Levels (1) State College Structure Total Spots 1373 9/23/2026 12:57:00 PM Directions (2) Full Levels (2) Eastside North Total Spots 1880 9/23/2026 12:57:00 PM Directions (3) 55 Levels (3) Eastside South Total Spots 1341 9/23/2026 12:57:00 PM Directions (4) 21 Levels (4) S8 and S10 Total Spots 2104 9/23/2026 12:57:00 PM Directions (5) 469 Fullerton Free Church Total Spots 800 08/24/2026 - 12/10/2026 Directions (6) Open S8 and S10 are located at the corner of St. College and Yorba Linda.
2026-09-23 20:11:03,Availabile Parking Spaces Your browser does not support JavaScript! Available Parking Spaces Nutwood Structure Total Spots 2484 9/23/2026 1:11:00 PM Directions (1) 256 Levels (1) State College Structure Total Spots 1373 9/23/2026 1:11:00 PM Directions (2) Full Levels (2) Eastside North Total Spots 1880 9/23/2026 1:11:00 PM Directions (3) 129 Levels (3) Eastside South Total Spots 1341 9/23/2026 1:11:00 PM Directions (4) 86 Levels (4) S8 and S10 Total Spots 2104 9/23/2026 1:11:00 PM Directions (5) 510 Fullerton Free Church Total Spots 800 08/24/2026 - 12/10/2026 Directions (6) Open S8 and S10 are located at the corner of St. College and Yorba Linda.
2026-09-23 20:29:24,Availabile Parking Spaces Your browser does not support JavaScript! Available Parking Spaces Nutwood Structure Total Spots 2484 9/23/2026 1:29:00 PM Directions (1) 294 Levels (1) State College Structure Total Spots 1373 9/23/2026 1:29:00 PM Directions (2) Full Levels (2) Eastside North Total Spots 1880 9/23/2026 1:29:00 PM Directions (3) 122 Levels (3) Eastside South Total Spots 1341 9/23/2026 1:29:00 PM Directions (4) 84 Levels (4) S8 and S10 Total Spots 2104 9/23/2026 1:29:00 PM Directions (5) 537 Fullerton Free Church Total Spots 800 08/24/2026 - 12/10/2026 Directions (6) Open S8 and S10 are located at the corner of St. College and Yorba Linda.
2026-09-23 20:41:39,Availabile Parking Spaces Your browser does not support JavaScript! Available Parking Spaces Nutwood Structure Total Spots 2484 9/23/2026 1:42:00 PM Directions (1) Full Levels (1) State College Structure Total Spots 1373 9/23/2026 1:42:00 PM Directions (2) Full Levels (2) Eastside North Total Spots 1880 9/23/2026 1:42:00 PM Directions (3) 89 Levels (3) Eastside South Total Spots 1341 9/23/2026 1:42:00 PM Directions (4) 63 Levels (4) S8 and S10 Total Spots 2104 9/23/2026 1:42:00 PM Directions (5) 481 Fullerton Free Church Total Spots 800 08/24/2026 - 12/10/2026 Directions (6) Open S8 and S10 are located at the corner of St. College and Yorba Linda.
2026-09-23 20:53:58,Availabile Parking Spaces Your browser does not support JavaScript! Available Parking Spaces Nutwood Structure Total Spots 2484 9/23/2026 1:54:00 PM Directions (1) Full Levels (1) State College Structure Total Spots 1373 9/23/2026 1:54:00 PM Directions (2) Full Levels (2) Eastside North Total Spots 1880 9/23/2026 1:54:00 PM Directions (3) 84 Levels (3) Eastside South Total Spots 1341 9/23/2026 1:54:00 PM Directions (4) 52 Levels (4) S8 and S10 Total Spots 2104 9/23/2026 1:54:00 PM Directions (5) 488 Fullerton Free Church Total Spots 800 08/24/2026 - 12/10/2026 Directions (6) Open S8 and S10 are located at the corner of St. College and Yorba Linda.
2026-09-23 21:07:06,Availabile Parking Spaces Your browser does not support JavaScript! Available Parking Spaces Nutwood Structure Total Spots 2484 9/23/2026 2:07:00 PM Directions (1) Full Levels (1) State College Structure Total Spots 1373 9/23/2026 2:07:00 PM Directions (2) Full Levels (2) Eastside North Total Spots 1880 9/23/2026 2:07:00 PM Directions (3) 51 Levels (3) Eastside South Total Spots 1341 9/23/2026 2:07:00 PM Directions (4) 33 Levels (4) S8 and S10 Total Spots 2104 9/23/2026 2:07:00 PM Directions (5) 478 Fullerton Free Church Total Spots 800 08/24/2026 - 12/10/2026 Directions (6) Open S8 and S10 are located at the corner of St. College and Yorba Linda.
2026-09-23 21:22:07,Availabile Parking Spaces Your browser does not support JavaScript! Available Parking Spaces Nutwood Structure Total Spots 2484 9/23/2026 2:22:00 PM Directions (1) Full Levels (1) State College Structure Total Spots 1373 9/23/2026 2:22:00 PM Directions (2) 21 Levels (2) Eastside North Total Spots 1880 9/23/2026 2:22:00 PM Directions (3) 122 Levels (3) Eastside South Total Spots 1341 9/23/2026 2:22:00 PM Directions (4) 35 Levels (4) S8 and S10 Total Spots 2104 9/23/2026 2:22:00 PM Directions (5) 495 Fullerton Free Church Total Spots 800 08/24/2026 - 12/10/2026 Directions (6) Open S8 and S10 are located at the corner of St. College and Yorba Linda.
2026-09-23 21:37:13,Availabile Parking Spaces Your browser does not support JavaScript! Available Parking Spaces Nutwood Structure Total Spots 2484 9/23/2026 2:37:00 PM Directions (1) 137 Levels (1) State College Structure Total Spots 1373 9/23/2026 2:37:00 PM Directions (2) 56 Levels (2) Eastside North Total Spots 1880 9/23/2026 2:37:00 PM Directions (3) 226 Levels (3) Eastside South Total Spots 1341 9/23/2026 2:37:00 PM Directions (4) 90 Levels (4) S8 and S10 Total Spots 2104 9/23/2026 2:37:00 PM Directions (5) 497 Fullerton Free Church Total Spots 800 08/24/2026 - 12/10/2026 Directions (6) Open S8 and S10 are located at the corner of St. College and Yorba Linda.
2026-09-23 21:46:33,Availabile Parking Spaces Your browser does not support JavaScript! Available Parking Spaces Nutwood Structure Total Spots 2484 9/23/2026 2:47:00 PM Directions (1) 178 Levels (1) State College Structure Total Spots 1373 9/23/2026 2:47:00 PM Directions (2) 56 Levels (2) Eastside North Total Spots 1880 9/23/2026 2:47:00 PM Directions (3) 221 Levels (3) Eastside South Total Spots 1341 9/23/2026 2:47:00 PM Directions (4) 104 Levels (4) S8 and S10 Total Spots 2104 9/23/2026 2:47:00 PM Directions (5) 519 Fullerton Free Church Total Spots 800 08/24/2026 - 12/10/2026 Directions (6) Open S8 and S10 are located at the corner of St. College and Yorba Linda.
2026-09-23 21:54:53,Availabile Parking Spaces Your browser does not support JavaScript! Available Parking Spaces Nutwood Structure Total Spots 2484 9/23/2026 2:55:00 PM Directions (1) 209 Levels (1) State College Structure Total Spots 1373 9/23/2026 2:55:00 PM Directions (2) 78 Levels (2) Eastside North Total Spots 1880 9/23/2026 2:55:00 PM Directions (3) 231 Levels (3) Eastside South Total Spots 1341 9/23/2026 2:55:00 PM Directions (4) 101 Levels (4) S8 and S10 Total Spots 2104 9/23/2026 2:55:00 PM Directions (5) 524 Fullerton Free Church Total Spots 800 08/24/2026 - 12/10/2026 Directions (6) Open S8 and S10 are located at the corner of St. College and Yorba Linda.
2026-09-23 22:07:08,Availabile Parking Spaces Your browser does not support JavaScript! Available Parking Spaces Nutwood Structure Total Spots 2484 9/23/2026 3:07:00 PM Directions (1) Full Levels (1) State College Structure Total Spots 1373 9/23/2026 3:07:00 PM Directions (2) 103 Levels (2) Eastside North Total Spots 1880 9/23/2026 3:07:00 PM Directions (3) 268 Levels (3) Eastside South Total Spots 1341 9/23/2026 3:07:00 PM Directions (4) 104 Levels (4) S8 and S10 Total Spots 2104 9/23/2026 3:07:00 PM Directions (5) 528 Fullerton Free Church Total Spots 800 08/24/2026 - 12/10/2026 Directions (6) Open S8 and S10 are located at the corner of St. College and Yorba Linda.
2026-09-23 22:21:12,Availabile Parking Spaces Your browser does not support JavaScript! Available Parking Spaces Nutwood Structure Total Spots 2484 9/23/2026 3:21:00 PM Directions (1) 25 Levels (1) State College Structure Total Spots 1373 9/23/2026 3:21:00 PM Directions (2) 129 Levels (2) Eastside North Total Spots 1880 9/23/2026 3:21:00 PM Directions (3) 278 Levels (3) Eastside South Total Spots 1341 9/23/2026 3:21:00 PM Directions (4) 112 Levels (4) S8 and S10 Total Spots 2104 9/23/2026 3:21:00 PM Directions (5) 535 Fullerton Free Church Total Spots 800 08/24/2026 - 12/10/2026 Directions (6) Open S8 and S10 are located at the corner of St. College and Yorba Linda.
2026-09-23 22:36:38,Availabile Parking Spaces Your browser does not support JavaScript! Available Parking Spaces Nutwood Structure Total Spots 2484 9/23/2026 3:37:00 PM Directions (1) 98 Levels (1) State College Structure Total Spots 1373 9/23/2026 3:37:00 PM Directions (2) 140 Levels (2) Eastside North Total Spots 1880 9/23/2026 3:37:00 PM Directions (3) 265 Levels (3) Eastside South Total Spots 1341 9/23/2026 3:37:00 PM Directions (4) 123 Levels (4) S8 and S10 Total Spots 2104 9/23/2026 3:37:00 PM Directions (5) 534 Fullerton Free Church Total Spots 800 08/24/2026 - 12/10/2026 Directions (6) Open S8 and S10 are located at the corner of St. College and Yorba Linda.
2026-09-23 22:46:21,Availabile Parking Spaces Your browser does not support JavaScript! Available Parking Spaces Nutwood Structure Total Spots 2484 9/23/2026 3:46:00 PM Directions (1) 166 Levels (1) State College Structure Total Spots 1373 9/23/2026 3:46:00 PM Directions (2) 147 Levels (2) Eastside North Total Spots 1880 9/23/2026 3:46:00 PM Directions (3) 282 Levels (3) Eastside South Total Spots 1341 9/23/2026 3:46:00 PM Directions (4) 121 Levels (4) S8 and S10 Total Spots 2104 9/23/2026 3:46:00 PM Directions (5) 559 Fullerton Free Church Total Spots 800 08/24/2026 - 12/10/2026 Directions (6) Open S8 and S10 are located at the corner of St. College and Yorba Linda.
2026-09-23 22:54:37,Availabile Parking Spaces Your browser does not support JavaScript! Available Parking Spaces Nutwood Structure Total Spots 2484 9/23/2026 3:55:00 PM Directions (1) 243 Levels (1) State College Structure Total Spots 1373 9/23/2026 3:55:00 PM Directions (2) 164 Levels (2) Eastside North Total Spots 1880 9/23/2026 3:55:00 PM Directions (3) 313 Levels (3) Eastside South Total Spots 1341 9/23/2026 3:55:00 PM Directions (4) 146 Levels (4) S8 and S10 Total Spots 2104 9/23/2026 3:55:00 PM Directions (5) 581 Fullerton Free Church Total Spots 800 08/24/2026 - 12/10/2026 Directions (6) Open S8 and S10 are located at the corner of St. College and Yorba Linda.
2026-09-23 23:05:46,Availabile Parking Spaces Your browser does not support JavaScript! Available Parking Spaces Nutwood Structure Total Spots 2484 9/23/2026 4:06:00 PM Directions (1) 295 Levels (1) State College Structure Total Spots 1373 9/23/2026 4:06:00 PM Directions (2) 213 Levels (2) Eastside North Total Spots 1880 9/23/2026 4:06:00 PM Directions (3) 403 Levels (3) Eastside South Total Spots 1341 9/23/2026 4:06:00 PM Directions (4) 203 Levels (4) S8 and S10 Total Spots 2104 9/23/2026 4:06:00 PM Directions (5) 603 Fullerton Free Church Total Spots 800 08/24/2026 - 12/10/2026 Directions (6) Open S8 and S10 are located at the corner of St. College and Yorba Linda.
2026-09-23 23:17:52,Availabile Parking Spaces Your browser does not support JavaScript! Available Parking Spaces Nutwood Structure Total Spots 2484 9/23/2026 4:18:00 PM Directions (1) 449 Levels (1) State College Structure Total Spots 1373 9/23/2026 4:18:00 PM Directions (2) 247 Levels (2) Eastside North Total Spots 1880 9/23/2026 4:18:00 PM Directions (3) 448 Levels (3) Eastside South Total Spots 1341 9/23/2026 4:18:00 PM Directions (4) 234 Levels (4) S8 and S10 Total Spots 2104 9/23/2026 4:18:00 PM Directions (5) 624 Fullerton Free Church Total Spots 800 08/24/2026 - 12/10/2026 Directions (6) Open S8 and S10 are located at the corner of St. College and Yorba Linda.
2026-09-23 23:27:57,Availabile Parking Spaces Your browser does not support JavaScript! Available Parking Spaces Nutwood Structure Total Spots 2484 9/23/2026 4:28:00 PM Directions (1) 488 Levels (1) State College Structure Total Spots 1373 9/23/2026 4:28:00 PM Directions (2) 259 Levels (2) Eastside North Total Spots 1880 9/23/2026 4:28:00 PM Directions (3) 463 Levels (3) Eastside South Total Spots 1341 9/23/2026 4:28:00 PM Directions (4) 242 Levels (4) S8 and S10 Total Spots 2104 9/23/2026 4:28:00 PM Directions (5) 642 Fullerton Free Church Total Spots 800 08/24/2026 - 12/10/2026 Directions (6) Open S8 and S10 are located at the corner of St. College and Yorba Linda.
2026-09-23 23:38:35,Availabile Parking Spaces Your browser does not support JavaScript! Available Parking Spaces Nutwood Structure Total Spots 2484 9/23/2026 4:38:00 PM Directions (1) 534 Levels (1) State College Structure Total Spots 1373 9/23/2026 4:38:00 PM Directions (2) 263 Levels (2) Eastside North Total Spots 1880 9/23/2026 4:38:00 PM Directions (3) 475 Levels (3) Eastside South Total Spots 1341 9/23/2026 4:38:00 PM Directions (4) 245 Levels (4) S8 and S10 Total Spots 2104 9/23/2026 4:38:00 PM Directions (5) 606 Fullerton Free Church Total Spots 800 08/24/2026 - 12/10/2026 Directions (6) Open S8 and S10 are located at the corner of St. College and Yorba Linda.
2026-09-23 23:47:33,Availabile Parking Spaces Your browser does not support JavaScript! Available Parking Spaces Nutwood Structure Total Spots 2484 9/23/2026 4:47:00 PM Directions (1) 565 Levels (1) State College Structure Total Spots 1373 9/23/2026 4:47:00 PM Directions (2) 267 Levels (2) Eastside North Total Spots 1880 9/23/2026 4:47:00 PM Directions (3) 486 Levels (3) Eastside South Total Spots 1341 9/23/2026 4:47:00 PM Directions (4) 253 Levels (4) S8 and S10 Total Spots 2104 9/23/2026 4:47:00 PM Directions (5) 613 Fullerton Free Church Total Spots 800 08/24/2026 - 12/10/2026 Directions (6) Open S8 and S10 are located at the corner of St. College and Yorba Linda.
2026-09-23 23:55:42,Availabile Parking Spaces Your browser does not support JavaScript! Available Parking Spaces Nutwood Structure Total Spots 2484 9/23/2026 4:56:00 PM Directions (1) 600 Levels (1) State College Structure Total Spots 1373 9/23/2026 4:56:00 PM Directions (2) 302 Levels (2) Eastside North Total Spots 1880 9/23/2026 4:56:00 PM Directions (3) 497 Levels (3) Eastside South Total Spots 1341 9/23/2026 4:56:00 PM Directions (4) 255 Levels (4) S8 and S10 Total Spots 2104 9/23/2026 4:56:00 PM Directions (5) 627 Fullerton Free Church Total Spots 800 08/24/2026 - 12/10/2026 Directions (6) Open S8 and S10 are located at the corner of St. College and Yorba Linda.
2026-09-24 00:18:49,Availabile Parking Spaces Your browser does not support JavaScript! Available Parking Spaces Nutwood Structure Total Spots 2484 9/23/2026 5:19:00 PM Directions (1) 699 Levels (1) State College Structure Total Spots 1373 9/23/2026 5:19:00 PM Directions (2) 435 Levels (2) Eastside North Total Spots 1880 9/23/2026 5:19:00 PM Directions (3) 543 Levels (3) Eastside South Total Spots 1341 9/23/2026 5:19:00 PM Directions (4) 313 Levels (4) S8 and S10 Total Spots 2104 9/23/2026 5:19:00 PM Directions (5) 629 Fullerton Free Church Total Spots 800 08/24/2026 - 12/10/2026 Directions (6) Open S8 and S10 are located at the corner of St. College and Yorba Linda.
2026-09-24 00:40:22,Availabile Parking Spaces Your browser does not support JavaScript! Available Parking Spaces Nutwood Structure Total Spots 2484 9/23/2026 5:40:00 PM Directions (1) 874 Levels (1) State College Structure Total Spots 1373 9/23/2026 5:40:00 PM Directions (2) 545 Levels (2) Eastside North Total Spots 1880 9/23/2026 5:40:00 PM Directions (3) 662 Levels (3) Eastside South Total Spots 1341 9/23/2026 5:40:00 PM Directions (4) 436 Levels (4) S8 and S10 Total Spots 2104 9/23/2026 5:40:00 PM Directions (5) 623 Fullerton Free Church Total Spots 800 08/24/2026 - 12/10/2026 Directions (6) Open S8 and S10 are located at the corner of St. College and Yorba Linda.
2026-09-24 00:58:58,Availabile Parking Spaces Your browser does not support JavaScript! Available Parking Spaces Nutwood Structure Total Spots 2484 9/23/2026 5:59:00 PM Directions (1) 969 Levels (1) State College Structure Total Spots 1373 9/23/2026 5:59:00 PM Directions (2) 604 Levels (2) Eastside North Total Spots 1880 9/23/2026 5:59:00 PM Directions (3) 704 Levels (3) Eastside South Total Spots 1341 9/23/2026 5:59:00 PM Directions (4) 459 Levels (4) S8 and S10 Total Spots 2104 9/23/2026 5:59:00 PM Directions (5) 617 Fullerton Free Church Total Spots 800 08/24/2026 - 12/10/2026 Directions (6) Open S8 and S10 are located at the corner of St. College and Yorba Linda.
2026-09-24 15:07:41,Availabile Parking Spaces Your browser does not support JavaScript! Available Parking Spaces Nutwood Structure Total Spots 2484 9/24/2026 8:08:00 AM Directions (1) 1633 Levels (1) State College Structure Total Spots 1373 9/24/2026 8:08:00 AM Directions (2) 868 Levels (2) Eastside North Total Spots 1880 9/24/2026 8:08:00 AM Directions (3) 1437 Levels (3) Eastside South Total Spots 1341 9/24/2026 8:08:00 AM Directions (4) 757 Levels (4) S8 and S10 Total Spots 2104 9/24/2026 8:08:00 AM Directions (5) 925 Fullerton Free Church Total Spots 800 08/24/2026 - 12/10/2026 Directions (6) Open S8 and S10 are located at the corner of St. College and Yorba Linda.
2026-09-24 15:24:22,Availabile Parking Spaces Your browser does not support JavaScript! Available Parking Spaces Nutwood Structure Total Spots 2484 9/24/2026 8:24:00 AM Directions (1) 1522 Levels (1) State College Structure Total Spots 1373 9/24/2026 8:24:00 AM Directions (2) 698 Levels (2) Eastside North Total Spots 1880 9/24/2026 8:24:00 AM Directions (3) 1186 Levels (3) Eastside South Total Spots 1341 9/24/2026 8:24:00 AM Directions (4) 522 Levels (4) S8 and S10 Total Spots 2104 9/24/2026 8:24:00 AM Directions (5) 903 Fullerton Free Church Total Spots 800 08/24/2026 - 12/10/2026 Directions (6) Open S8 and S10 are located at the corner of St. College and Yorba Linda.
2026-09-24 15:39:05,Availabile Parking Spaces Your browser does not support JavaScript! Available Parking Spaces Nutwood Structure Total Spots 2484 9/24/2026 8:39:00 AM Directions (1) 1510 Levels (1) State College Structure Total Spots 1373 9/24/2026 8:39:00 AM Directions (2) 649 Levels (2) Eastside North Total Spots 1880 9/24/2026 8:39:00 AM Directions (3) 1007 Levels (3) Eastside South Total Spots 1341 9/24/2026 8:39:00 AM Directions (4) 396 Levels (4) S8 and S10 Total Spots 2104 9/24/2026 8:39:00 AM Directions (5) 916 Fullerton Free Church Total Spots 800 08/24/2026 - 12/10/2026 Directions (6) Open S8 and S10 are located at the corner of St. College and Yorba Linda.
2026-09-24 15:51:30,Availabile Parking Spaces Your browser does not support JavaScript! Available Parking Spaces Nutwood Structure Total Spots 2484 9/24/2026 8:51:00 AM Directions (1) 1487 Levels (1) State College Structure Total Spots 1373 9/24/2026 8:51:00 AM Directions (2) 567 Levels (2) Eastside North Total Spots 1880 9/24/2026 8:51:00 AM Directions (3) 921 Levels (3) Eastside South Total Spots 1341 9/24/2026 8:51:00 AM Directions (4) 314 Levels (4) S8 and S10 Total Spots 2104 9/24/2026 8:51:00 AM Directions (5) 902 Fullerton Free Church Total Spots 800 08/24/2026 - 12/10/2026 Directions (6) Open S8 and S10 are located at the corner of St. College and Yorba Linda.
2026-09-24 16:07:12,Availabile Parking Spaces Your browser does not support JavaScript! Available Parking Spaces Nutwood Structure Total Spots 2484 9/24/2026 9:07:00 AM Directions (1) 1452 Levels (1) State College Structure Total Spots 1373 9/24/2026 9:07:00 AM Directions (2) 469 Levels (2) Eastside North Total Spots 1880 9/24/2026 9:07:00 AM Directions (3) 751 Levels (3) Eastside South Total Spots 1341 9/24/2026 9:07:00 AM Directions (4) 249 Levels (4) S8 and S10 Total Spots 2104 9/24/2026 9:07:00 AM Directions (5) 879 Fullerton Free Church Total Spots 800 08/24/2026 - 12/10/2026 Directions (6) Open S8 and S10 are located at the corner of St. College and Yorba Linda.
2026-09-24 16:24:18,Availabile Parking Spaces Your browser does not support JavaScript! Available Parking Spaces Nutwood Structure Total Spots 2484 9/24/2026 9:24:00 AM Directions (1) 1410 Levels (1) State College Structure Total Spots 1373 9/24/2026 9:24:00 AM Directions (2) 395 Levels (2) Eastside North Total Spots 1880 9/24/2026 9:24:00 AM Directions (3) 555 Levels (3) Eastside South Total Spots 1341 9/24/2026 9:24:00 AM Directions (4) 172 Levels (4) S8 and S10 Total Spots 2104 9/24/2026 9:24:00 AM Directions (5) 848 Fullerton Free Church Total Spots 800 08/24/2026 - 12/10/2026 Directions (6) Open S8 and S10 are located at the corner of St. College and Yorba Linda.
2026-09-24 16:38:59,Availabile Parking Spaces Your browser does not support JavaScript! Available Parking Spaces Nutwood Structure Total Spots 2484 9/24/2026 9:39:00 AM Directions (1) 1349 Levels (1) State College Structure Total Spots 1373 9/24/2026 9:39:00 AM Directions (2) 309 Levels (2) Eastside North Total Spots 1880 9/24/2026 9:39:00 AM Directions (3) 371 Levels (3) Eastside South Total Spots 1341 9/24/2026 9:39:00 AM Directions (4) 84 Levels (4) S8 and S10 Total Spots 2104 9/24/2026 9:39:00 AM Directions (5) 858 Fullerton Free Church Total Spots 800 08/24/2026 - 12/10/2026 Directions (6) Open S8 and S10 are located at the corner of St. College and Yorba Linda.
2026-09-24 16:51:33,Availabile Parking Spaces Your browser does not support JavaScript! Available Parking Spaces Nutwood Structure Total Spots 2484 9/24/2026 9:51:00 AM Directions (1) 1320 Levels (1) State College Structure Total Spots 1373 9/24/2026 9:51:00 AM Directions (2) 201 Levels (2) Eastside North Total Spots 1880 9/24/2026 9:51:00 AM Directions (3) 204 Levels (3) Eastside South Total Spots 1341 9/24/2026 9:51:00 AM Directions (4) 47 Levels (4) S8 and S10 Total Spots 2104 9/24/2026 9:51:00 AM Directions (5) 818 Fullerton Free Church Total Spots 800 08/24/2026 - 12/10/2026 Directions (6) Open S8 and S10 are located at the corner of St. College and Yorba Linda.
2026-09-24 17:06:16,Availabile Parking Spaces Your browser does not support JavaScript! Available Parking Spaces Nutwood Structure Total Spots 2484 9/24/2026 10:06:00 AM Directions (1) 1304 Levels (1) State College Structure Total Spots 1373 9/24/2026 10:06:00 AM Directions (2) 182 Levels (2) Eastside North Total Spots 1880 9/24/2026 10:06:00 AM Directions (3) 104 Levels (3) Eastside South Total Spots 1341 9/24/2026 10:06:00 AM Directions (4) 39 Levels (4) S8 and S10 Total Spots 2104 9/24/2026 10:06:00 AM Directions (5) 783 Fullerton Free Church Total Spots 800 08/24/2026 - 12/10/2026 Directions (6) Open S8 and S10 are located at the corner of St. College and Yorba Linda.
2026-09-24 17:21:05,Availabile Parking Spaces Your browser does not support JavaScript! Available Parking Spaces Nutwood Structure Total Spots 2484 9/24/2026 10:21:00 AM Directions (1) 1281 Levels (1) State College Structure Total Spots 1373 9/24/2026 10:21:00 AM Directions (2) 165 Levels (2) Eastside North Total Spots 1880 9/24/2026 10:21:00 AM Directions (3) 51 Levels (3) Eastside South Total Spots 1341 9/24/2026 10:21:00 AM Directions (4) Full Levels (4) S8 and S10 Total Spots 2104 9/24/2026 10:21:00 AM Directions (5) 769 Fullerton Free Church Total Spots 800 08/24/2026 - 12/10/2026 Directions (6) Open S8 and S10 are located at the corner of St. College and Yorba Linda.
2026-09-24 17:36:55,Availabile Parking Spaces Your browser does not support JavaScript! Available Parking Spaces Nutwood Structure Total Spots 2484 9/24/2026 10:37:00 AM Directions (1) 1249 Levels (1) State College Structure Total Spots 1373 9/24/2026 10:37:00 AM Directions (2) 146 Levels (2) Eastside North Total Spots 1880 9/24/2026 10:37:00 AM Directions (3) 26 Levels (3) Eastside South Total Spots 1341 9/24/2026 10:37:00 AM Directions (4) Full Levels (4) S8 and S10 Total Spots 2104 9/24/2026 10:37:00 AM Directions (5) 776 Fullerton Free Church Total Spots 800 08/24/2026 - 12/10/2026 Directions (6) Open S8 and S10 are located at the corner of St. College and Yorba Linda.
2026-09-24 17:47:12,Availabile Parking Spaces Your browser does not support JavaScript! Available Parking Spaces Nutwood Structure Total Spots 2484 9/24/2026 10:47:00 AM Directions (1) 1209 Levels (1) State College Structure Total Spots 1373 9/24/2026 10:47:00 AM Directions (2) 132 Levels (2) Eastside North Total Spots 1880 9/24/2026 10:47:00 AM Directions (3) 22 Levels (3) Eastside South Total Spots 1341 9/24/2026 10:47:00 AM Directions (4) Full Levels (4) S8 and S10 Total Spots 2104 9/24/2026 10:47:00 AM Directions (5) 751 Fullerton Free Church Total Spots 800 08/24/2026 - 12/10/2026 Directions (6) Open S8 and S10 are located at the corner of St. College and Yorba Linda.
2026-09-24 17:55:28,Availabile Parking Spaces Your browser does not support JavaScript! Available Parking Spaces Nutwood Structure Total Spots 2484 9/24/2026 10:55:00 AM Directions (1) 1177 Levels (1) State College Structure Total Spots 1373 9/24/2026 10:55:00 AM Directions (2) 115 Levels (2) Eastside North Total Spots 1880 9/24/2026 10:55:00 AM Directions (3) 28 Levels (3) Eastside South Total Spots 1341 9/24/2026 10:55:00 AM Directions (4) Full Levels (4) S8 and S10 Total Spots 2104 9/24/2026 10:55:00 AM Directions (5) 728 Fullerton Free Church Total Spots 800 08/24/2026 - 12/10/2026 Directions (6) Open S8 and S10 are located at the corner of St. College and Yorba Linda.
2026-09-24 18:08:47,Availabile Parking Spaces Your browser does not support JavaScript! Available Parking Spaces Nutwood Structure Total Spots 2484 9/24/2026 11:09:00 AM Directions (1) 1132 Levels (1) State College Structure Total Spots 1373 9/24/2026 11:09:00 AM Directions (2) 103 Levels (2) Eastside North Total Spots 1880 9/24/2026 11:09:00 AM Directions (3) 20 Levels (3) Eastside South Total Spots 1341 9/24/2026 11:09:00 AM Directions (4) Full Levels (4) S8 and S10 Total Spots 2104 9/24/2026 11:09:00 AM Directions (5) 696 Fullerton Free Church Total Spots 800 08/24/2026 - 12/10/2026 Directions (6) Open S8 and S10 are located at the corner of St. College and Yorba Linda.
2026-09-24 18:27:00,Availabile Parking Spaces Your browser does not support JavaScript! Available Parking Spaces Nutwood Structure Total Spots 2484 9/24/2026 11:27:00 AM Directions (1) 70 Levels (1) State College Structure Total Spots 1373 9/24/2026 11:27:00 AM Directions (2) 77 Levels (2) Eastside North Total Spots 1880 9/24/2026 11:27:00 AM Directions (3) 53 Levels (3) Eastside South Total Spots 1341 9/24/2026 11:27:00 AM Directions (4) Full Levels (4) S8 and S10 Total Spots 2104 9/24/2026 11:27:00 AM Directions (5) 662 Fullerton Free Church Total Spots 800 08/24/2026 - 12/10/2026 Directions (6) Open S8 and S10 are located at the corner of St. College and Yorba Linda.
2026-09-24 18:42:22,Availabile Parking Spaces Your browser does not support JavaScript! Available Parking Spaces Nutwood Structure Total Spots 2484 9/24/2026 11:42:00 AM Directions (1) Full Levels (1) State College Structure Total Spots 1373 9/24/2026 11:42:00 AM Directions (2) 109 Levels (2) Eastside North Total Spots 1880 9/24/2026 11:42:00 AM Directions (3) 120 Levels (3) Eastside South Total Spots 1341 9/24/2026 11:42:00 AM Directions (4) 58 Levels (4) S8 and S10 Total Spots 2104 9/24/2026 11:42:00 AM Directions (5) 744 Fullerton Free Church Total Spots 800 08/24/2026 - 12/10/2026 Directions (6) Open S8 and S10 are located at the corner of St. College and Yorba Linda.
2026-09-24 18:56:52,Availabile Parking Spaces Your browser does not support JavaScript! Available Parking Spaces Nutwood Structure Total Spots 2484 9/24/2026 11:57:00 AM Directions (1) 59 Levels (1) State College Structure Total Spots 1373 9/24/2026 11:57:00 AM Directions (2) 109 Levels (2) Eastside North Total Spots 1880 9/24/2026 11:57:00 AM Directions (3) 137 Levels (3) Eastside South Total Spots 1341 9/24/2026 11:57:00 AM Directions (4) 44 Levels (4) S8 and S10 Total Spots 2104 9/24/2026 11:57:00 AM Directions (5) 744 Fullerton Free Church Total Spots 800 08/24/2026 - 12/10/2026 Directions (6) Open S8 and S10 are located at the corner of St. College and Yorba Linda.
2026-09-24 19:09:46,Availabile Parking Spaces Your browser does not support JavaScript! Available Parking Spaces Nutwood Structure Total Spots 2484 9/24/2026 12:10:00 PM Directions (1) 96 Levels (1) State College Structure Total Spots 1373 9/24/2026 12:10:00 PM Directions (2) 116 Levels (2) Eastside North Total Spots 1880 9/24/2026 12:10:00 PM Directions (3) 147 Levels (3) Eastside South Total Spots 1341 9/24/2026 12:10:00 PM Directions (4) 52 Levels (4) S8 and S10 Total Spots 2104 9/24/2026 12:10:00 PM Directions (5) 733 Fullerton Free Church Total Spots 800 08/24/2026 - 12/10/2026 Directions (6) Open S8 and S10 are located at the corner of St. College and Yorba Linda.
2026-09-24 19:23:14,Availabile Parking Spaces Your browser does not support JavaScript! Available Parking Spaces Nutwood Structure Total Spots 2484 9/24/2026 12:23:00 PM Directions (1) 141 Levels (1) State College Structure Total Spots 1373 9/24/2026 12:23:00 PM Directions (2) 110 Levels (2) Eastside North Total Spots 1880 9/24/2026 12:23:00 PM Directions (3) 147 Levels (3) Eastside South Total Spots 1341 9/24/2026 12:23:00 PM Directions (4) 37 Levels (4) S8 and S10 Total Spots 2104 9/24/2026 12:23:00 PM Directions (5) 721 Fullerton Free Church Total Spots 800 08/24/2026 - 12/10/2026 Directions (6) Open S8 and S10 are located at the corner of St. College and Yorba Linda.
2026-09-24 19:36:19,Availabile Parking Spaces Your browser does not support JavaScript! Available Parking Spaces Nutwood Structure Total Spots 2484 9/24/2026 12:36:00 PM Directions (1) 194 Levels (1) State College Structure Total Spots 1373 9/24/2026 12:36:00 PM Directions (2) 108 Levels (2) Eastside North Total Spots 1880 9/24/2026 12:36:00 PM Directions (3) 94 Levels (3) Eastside South Total Spots 1341 9/24/2026 12:36:00 PM Directions (4) 18 Levels (4) S8 and S10 Total Spots 2104 9/24/2026 12:36:00 PM Directions (5) 737 Fullerton Free Church Total Spots 800 08/24/2026 - 12/10/2026 Directions (6) Open S8 and S10 are located at the corner of St. College and Yorba Linda.
2026-09-24 19:46:30,Availabile Parking Spaces Your browser does not support JavaScript! Available Parking Spaces Nutwood Structure Total Spots 2484 9/24/2026 12:46:00 PM Directions (1) 251 Levels (1) State College Structure Total Spots 1373 9/24/2026 12:46:00 PM Directions (2) 105 Levels (2) Eastside North Total Spots 1880 9/24/2026 12:46:00 PM Directions (3) 53 Levels (3) Eastside South Total Spots 1341 9/24/2026 12:46:00 PM Directions (4) 13 Levels (4) S8 and S10 Total Spots 2104 9/24/2026 12:47:00 PM Directions (5) 726 Fullerton Free Church Total Spots 800 08/24/2026 - 12/10/2026 Directions (6) Open S8 and S10 are located at the corner of St. College and Yorba Linda.
2026-09-24 19:55:28,Availabile Parking Spaces Your browser does not support JavaScript! Available Parking Spaces Nutwood Structure Total Spots 2484 9/24/2026 12:55:00 PM Directions (1) 313 Levels (1) State College Structure Total Spots 1373 9/24/2026 12:55:00 PM Directions (2) 109 Levels (2) Eastside North Total Spots 1880 9/24/2026 12:55:00 PM Directions (3) 113 Levels (3) Eastside South Total Spots 1341 9/24/2026 12:55:00 PM Directions (4) 44 Levels (4) S8 and S10 Total Spots 2104 9/24/2026 12:55:00 PM Directions (5) 712 Fullerton Free Church Total Spots 800 08/24/2026 - 12/10/2026 Directions (6) Open S8 and S10 are located at the corner of St. College and Yorba Linda.
2026-09-24 20:08:30,Availabile Parking Spaces Your browser does not support JavaScript! Available Parking Spaces Nutwood Structure Total Spots 2484 9/24/2026 1:08:00 PM Directions (1) 393 Levels (1) State College Structure Total Spots 1373 9/24/2026 1:08:00 PM Directions (2) 126 Levels (2) Eastside North Total Spots 1880 9/24/2026 1:08:00 PM Directions (3) 158 Levels (3) Eastside South Total Spots 1341 9/24/2026 1:08:00 PM Directions (4) 99 Levels (4) S8 and S10 Total Spots 2104 9/24/2026 1:08:00 PM Directions (5) 753 Fullerton Free Church Total Spots 800 08/24/2026 - 12/10/2026 Directions (6) Open S8 and S10 are located at the corner of St. College and Yorba Linda.
2026-09-24 20:24:49,Availabile Parking Spaces Your browser does not support JavaScript! Available Parking Spaces Nutwood Structure Total Spots 2484 9/24/2026 1:25:00 PM Directions (1) 438 Levels (1) State College Structure Total Spots 1373 9/24/2026 1:25:00 PM Directions (2) 154 Levels (2) Eastside North Total Spots 1880 9/24/2026 1:25:00 PM Directions (3) 141 Levels (3) Eastside South Total Spots 1341 9/24/2026 1:25:00 PM Directions (4) 87 Levels (4) S8 and S10 Total Spots 2104 9/24/2026 1:25:00 PM Directions (5) 778 Fullerton Free Church Total Spots 800 08/24/2026 - 12/10/2026 Directions (6) Open S8 and S10 are located at the corner of St. College and Yorba Linda.
2026-09-24 20:39:27,Availabile Parking Spaces Your browser does not support JavaScript! Available Parking Spaces Nutwood Structure Total Spots 2484 9/24/2026 1:39:00 PM Directions (1) 466 Levels (1) State College Structure Total Spots 1373 9/24/2026 1:39:00 PM Directions (2) 166 Levels (2) Eastside North Total Spots 1880 9/24/2026 1:39:00 PM Directions (3) 169 Levels (3) Eastside South Total Spots 1341 9/24/2026 1:39:00 PM Directions (4) 73 Levels (4) S8 and S10 Total Spots 2104 9/24/2026 1:39:00 PM Directions (5) 727 Fullerton Free Church Total Spots 800 08/24/2026 - 12/10/2026 Directions (6) Open S8 and S10 are located at the corner of St. College and Yorba Linda.
2026-09-24 20:51:45,Availabile Parking Spaces Your browser does not support JavaScript! Available Parking Spaces Nutwood Structure Total Spots 2484 9/24/2026 1:52:00 PM Directions (1) 509 Levels (1) State College Structure Total Spots 1373 9/24/2026 1:52:00 PM Directions (2) 165 Levels (2) Eastside North Total Spots 1880 9/24/2026 1:52:00 PM Directions (3) 136 Levels (3) Eastside South Total Spots 1341 9/24/2026 1:52:00 PM Directions (4) 71 Levels (4) S8 and S10 Total Spots 2104 9/24/2026 1:52:00 PM Directions (5) 728 Fullerton Free Church Total Spots 800 08/24/2026 - 12/10/2026 Directions (6) Open S8 and S10 are located at the corner of St. College and Yorba Linda.
2026-09-24 21:06:34,Availabile Parking Spaces Your browser does not support JavaScript! Available Parking Spaces Nutwood Structure Total Spots 2484 9/24/2026 2:06:00 PM Directions (1) 573 Levels (1) State College Structure Total Spots 1373 9/24/2026 2:06:00 PM Directions (2) 156 Levels (2) Eastside North Total Spots 1880 9/24/2026 2:06:00 PM Directions (3) 94 Levels (3) Eastside South Total Spots 1341 9/24/2026 2:06:00 PM Directions (4) 48 Levels (4) S8 and S10 Total Spots 2104 9/24/2026 2:06:00 PM Directions (5) 716 Fullerton Free Church Total Spots 800 08/24/2026 - 12/10/2026 Directions (6) Open S8 and S10 are located at the corner of St. College and Yorba Linda.
2026-09-24 21:21:18,Availabile Parking Spaces Your browser does not support JavaScript! Available Parking Spaces Nutwood Structure Total Spots 2484 9/24/2026 2:21:00 PM Directions (1) 645 Levels (1) State College Structure Total Spots 1373 9/24/2026 2:21:00 PM Directions (2) 162 Levels (2) Eastside North Total Spots 1880 9/24/2026 2:21:00 PM Directions (3) 162 Levels (3) Eastside South Total Spots 1341 9/24/2026 2:21:00 PM Directions (4) 75 Levels (4) S8 and S10 Total Spots 2104 9/24/2026 2:21:00 PM Directions (5) 725 Fullerton Free Church Total Spots 800 08/24/2026 - 12/10/2026 Directions (6) Open S8 and S10 are located at the corner of St. College and Yorba Linda.
2026-09-24 21:37:12,Availabile Parking Spaces Your browser does not support JavaScript! Available Parking Spaces Nutwood Structure Total Spots 2484 9/24/2026 2:37:00 PM Directions (1) 837 Levels (1) State College Structure Total Spots 1373 9/24/2026 2:37:00 PM Directions (2) 278 Levels (2) Eastside North Total Spots 1880 9/24/2026 2:37:00 PM Directions (3) 281 Levels (3) Eastside South Total Spots 1341 9/24/2026 2:37:00 PM Directions (4) 155 Levels (4) S8 and S10 Total Spots 2104 9/24/2026 2:37:00 PM Directions (5) 735 Fullerton Free Church Total Spots 800 08/24/2026 - 12/10/2026 Directions (6) Open S8 and S10 are located at the corner of St. College and Yorba Linda.
2026-09-24 21:45:55,Availabile Parking Spaces Your browser does not support JavaScript! Available Parking Spaces Nutwood Structure Total Spots 2484 9/24/2026 2:46:00 PM Directions (1) 872 Levels (1) State College Structure Total Spots 1373 9/24/2026 2:46:00 PM Directions (2) 290 Levels (2) Eastside North Total Spots 1880 9/24/2026 2:46:00 PM Directions (3) 292 Levels (3) Eastside South Total Spots 1341 9/24/2026 2:46:00 PM Directions (4) 179 Levels (4) S8 and S10 Total Spots 2104 9/24/2026 2:46:00 PM Directions (5) 745 Fullerton Free Church Total Spots 800 08/24/2026 - 12/10/2026 Directions (6) Open S8 and S10 are located at the corner of St. College and Yorba Linda.
2026-09-24 21:54:26,Availabile Parking Spaces Your browser does not support JavaScript! Available Parking Spaces Nutwood Structure Total Spots 2484 9/24/2026 2:54:00 PM Directions (1) 906 Levels (1) State College Structure Total Spots 1373 9/24/2026 2:54:00 PM Directions (2) 276 Levels (2) Eastside North Total Spots 1880 9/24/2026 2:54:00 PM Directions (3) 306 Levels (3) Eastside South Total Spots 1341 9/24/2026 2:54:00 PM Directions (4) 178 Levels (4) S8 and S10 Total Spots 2104 9/24/2026 2:54:00 PM Directions (5) 742 Fullerton Free Church Total Spots 800 08/24/2026 - 12/10/2026 Directions (6) Open S8 and S10 are located at the corner of St. College and Yorba Linda.
2026-09-24 22:07:00,Availabile Parking Spaces Your browser does not support JavaScript! Available Parking Spaces Nutwood Structure Total Spots 2484 9/24/2026 3:07:00 PM Directions (1) 952 Levels (1) State College Structure Total Spots 1373 9/24/2026 3:07:00 PM Directions (2) 291 Levels (2) Eastside North Total Spots 1880 9/24/2026 3:07:00 PM Directions (3) 319 Levels (3) Eastside South Total Spots 1341 9/24/2026 3:07:00 PM Directions (4) 175 Levels (4) S8 and S10 Total Spots 2104 9/24/2026 3:07:00 PM Directions (5) 757 Fullerton Free Church Total Spots 800 08/24/2026 - 12/10/2026 Directions (6) Open S8 and S10 are located at the corner of St. College and Yorba Linda.
2026-09-24 22:22:13,Availabile Parking Spaces Your browser does not support JavaScript! Available Parking Spaces Nutwood Structure Total Spots 2484 9/24/2026 3:22:00 PM Directions (1) 971 Levels (1) State College Structure Total Spots 1373 9/24/2026 3:22:00 PM Directions (2) 314 Levels (2) Eastside North Total Spots 1880 9/24/2026 3:22:00 PM Directions (3) 325 Levels (3) Eastside South Total Spots 1341 9/24/2026 3:22:00 PM Directions (4) 182 Levels (4) S8 and S10 Total Spots 2104 9/24/2026 3:22:00 PM Directions (5) 773 Fullerton Free Church Total Spots 800 08/24/2026 - 12/10/2026 Directions (6) Open S8 and S10 are located at the corner of St. College and Yorba Linda.
2026-09-24 22:36:45,Availabile Parking Spaces Your browser does not support JavaScript! Available Parking Spaces Nutwood Structure Total Spots 2484 9/24/2026 3:37:00 PM Directions (1) 1011 Levels (1) State College Structure Total Spots 1373 9/24/2026 3:37:00 PM Directions (2) 330 Levels (2) Eastside North Total Spots 1880 9/24/2026 3:37:00 PM Directions (3) 318 Levels (3) Eastside South Total Spots 1341 9/24/2026 3:37:00 PM Directions (4) 145 Levels (4) S8 and S10 Total Spots 2104 9/24/2026 3:37:00 PM Directions (5) 757 Fullerton Free Church Total Spots 800 08/24/2026 - 12/10/2026 Directions (6) Open S8 and S10 are located at the corner of St. College and Yorba Linda.
2026-09-24 22:46:49,Availabile Parking Spaces Your browser does not support JavaScript! Available Parking Spaces Nutwood Structure Total Spots 2484 9/24/2026 3:47:00 PM Directions (1) 1039 Levels (1) State College Structure Total Spots 1373 9/24/2026 3:47:00 PM Directions (2) 345 Levels (2) Eastside North Total Spots 1880 9/24/2026 3:47:00 PM Directions (3) 322 Levels (3) Eastside South Total Spots 1341 9/24/2026 3:47:00 PM Directions (4) 138 Levels (4) S8 and S10 Total Spots 2104 9/24/2026 3:47:00 PM Directions (5) 772 Fullerton Free Church Total Spots 800 08/24/2026 - 12/10/2026 Directions (6) Open S8 and S10 are located at the corner of St. College and Yorba Linda.
2026-09-24 22:56:27,Availabile Parking Spaces Your browser does not support JavaScript! Available Parking Spaces Nutwood Structure Total Spots 2484 9/24/2026 3:56:00 PM Directions (1) 1095 Levels (1) State College Structure Total Spots 1373 9/24/2026 3:56:00 PM Directions (2) 400 Levels (2) Eastside North Total Spots 1880 9/24/2026 3:56:00 PM Directions (3) 431 Levels (3) Eastside South Total Spots 1341 9/24/2026 3:56:00 PM Directions (4) 171 Levels (4) S8 and S10 Total Spots 2104 9/24/2026 3:56:00 PM Directions (5) 795 Fullerton Free Church Total Spots 800 08/24/2026 - 12/10/2026 Directions (6) Open S8 and S10 are located at the corner of St. College and Yorba Linda.
2026-09-24 23:08:42,Availabile Parking Spaces Your browser does not support JavaScript! Available Parking Spaces Nutwood Structure Total Spots 2484 9/24/2026 4:09:00 PM Directions (1) 1200 Levels (1) State College Structure Total Spots 1373 9/24/2026 4:09:00 PM Directions (2) 448 Levels (2) Eastside North Total Spots 1880 9/24/2026 4:09:00 PM Directions (3) 524 Levels (3) Eastside South Total Spots 1341 9/24/2026 4:09:00 PM Directions (4) 221 Levels (4) S8 and S10 Total Spots 2104 9/24/2026 4:09:00 PM Directions (5) 819 Fullerton Free Church Total Spots 800 08/24/2026 - 12/10/2026 Directions (6) Open S8 and S10 are located at the corner of St. College and Yorba Linda.
2026-09-24 23:21:47,Availabile Parking Spaces Your browser does not support JavaScript! Available Parking Spaces Nutwood Structure Total Spots 2484 9/24/2026 4:22:00 PM Directions (1) 1263 Levels (1) State College Structure Total Spots 1373 9/24/2026 4:22:00 PM Directions (2) 483 Levels (2) Eastside North Total Spots 1880 9/24/2026 4:22:00 PM Directions (3) 554 Levels (3) Eastside South Total Spots 1341 9/24/2026 4:22:00 PM Directions (4) 258 Levels (4) S8 and S10 Total Spots 2104 9/24/2026 4:22:00 PM Directions (5) 852 Fullerton Free Church Total Spots 800 08/24/2026 - 12/10/2026 Directions (6) Open S8 and S10 are located at the corner of St. College and Yorba Linda.
2026-09-24 23:36:30,Availabile Parking Spaces Your browser does not support JavaScript! Available Parking Spaces Nutwood Structure Total Spots 2484 9/24/2026 4:36:00 PM Directions (1) 1286 Levels (1) State College Structure Total Spots 1373 9/24/2026 4:36:00 PM Directions (2) 514 Levels (2) Eastside North Total Spots 1880 9/24/2026 4:36:00 PM Directions (3) 571 Levels (3) Eastside South Total Spots 1341 9/24/2026 4:36:00 PM Directions (4) 258 Levels (4) S8 and S10 Total Spots 2104 9/24/2026 4:36:00 PM Directions (5) 803 Fullerton Free Church Total Spots 800 08/24/2026 - 12/10/2026 Directions (6) Open S8 and S10 are located at the corner of St. College and Yorba Linda.
2026-09-24 23:45:37,Availabile Parking Spaces Your browser does not support JavaScript! Available Parking Spaces Nutwood Structure Total Spots 2484 9/24/2026 4:45:00 PM Directions (1) 1321 Levels (1) State College Structure Total Spots 1373 9/24/2026 4:45:00 PM Directions (2) 530 Levels (2) Eastside North Total Spots 1880 9/24/2026 4:45:00 PM Directions (3) 594 Levels (3) Eastside South Total Spots 1341 9/24/2026 4:45:00 PM Directions (4) 268 Levels (4) S8 and S10 Total Spots 2104 9/24/2026 4:45:00 PM Directions (5) 818 Fullerton Free Church Total Spots 800 08/24/2026 - 12/10/2026 Directions (6) Open S8 and S10 are located at the corner of St. College and Yorba Linda.
2026-09-24 23:53:48,Availabile Parking Spaces Your browser does not support JavaScript! Available Parking Spaces Nutwood Structure Total Spots 2484 9/24/2026 4:54:00 PM Directions (1) 1323 Levels (1) State College Structure Total Spots 1373 9/24/2026 4:54:00 PM Directions (2) 538 Levels (2) Eastside North Total Spots 1880 9/24/2026 4:54:00 PM Directions (3) 599 Levels (3) Eastside South Total Spots 1341 9/24/2026 4:54:00 PM Directions (4) 275 Levels (4) S8 and S10 Total Spots 2104 9/24/2026 4:54:00 PM Directions (5) 830 Fullerton Free Church Total Spots 800 08/24/2026 - 12/10/2026 Directions (6) Open S8 and S10 are located at the corner of St. College and Yorba Linda.
2026-09-25 00:20:28,Availabile Parking Spaces Your browser does not support JavaScript! Available Parking Spaces Nutwood Structure Total Spots 2484 9/24/2026 5:20:00 PM Directions (1) 1415 Levels (1) State College Structure Total Spots 1373 9/24/2026 5:20:00 PM Directions (2) 609 Levels (2) Eastside North Total Spots 1880 9/24/2026 5:20:00 PM Directions (3) 675 Levels (3) Eastside South Total Spots 1341 9/24/2026 5:20:00 PM Directions (4) 278 Levels (4) S8 and S10 Total Spots 2104 9/24/2026 5:20:00 PM Directions (5) 859 Fullerton Free Church Total Spots 800 08/24/2026 - 12/10/2026 Directions (6) Open S8 and S10 are located at the corner of St. College and Yorba Linda.
2026-09-25 00:45:40,Availabile Parking Spaces Your browser does not support JavaScript! Available Parking Spaces Nutwood Structure Total Spots 2484 9/24/2026 5:46:00 PM Directions (1) 1511 Levels (1) State College Structure Total Spots 1373 9/24/2026 5:46:00 PM Directions (2) 671 Levels (2) Eastside North Total Spots 1880 9/24/2026 5:46:00 PM Directions (3) 794 Levels (3) Eastside South Total Spots 1341 9/24/2026 5:46:00 PM Directions (4) 348 Levels (4) S8 and S10 Total Spots 2104 9/24/2026 5:46:00 PM Directions (5) 870 Fullerton Free Church Total Spots 800 08/24/2026 - 12/10/2026 Directions (6) Open S8 and S10 are located at the corner of St. College and Yorba Linda.
2026-09-25 00:59:39,Availabile Parking Spaces Your browser does not support JavaScript! Available Parking Spaces Nutwood Structure Total Spots 2484 9/24/2026 6:00:00 PM Directions (1) 1535 Levels (1) State College Structure Total Spots 1373 9/24/2026 6:00:00 PM Directions (2) 680 Levels (2) Eastside North Total Spots 1880 9/24/2026 6:00:00 PM Directions (3) 811 Levels (3) Eastside South Total Spots 1341 9/24/2026 6:00:00 PM Directions (4) 354 Levels (4) S8 and S10 Total Spots 2104 9/24/2026 6:00:00 PM Directions (5) 910 Fullerton Free Church Total Spots 800 08/24/2026 - 12/10/2026 Directions (6) Open S8 and S10 are located at the corner of St. College and Yorba Linda.
2026-09-25 15:08:15,Availabile Parking Spaces Your browser does not support JavaScript! Available Parking Spaces Nutwood Structure Total Spots 2484 9/25/2026 8:08:00 AM Directions (1) 2153 Levels (1) State College Structure Total Spots 1373 9/25/2026 8:08:00 AM Directions (2) 1117 Levels (2) Eastside North Total Spots 1880 9/25/2026 8:08:00 AM Directions (3) 1776 Levels (3) Eastside South Total Spots 1341 9/25/2026 8:08:00 AM Directions (4) 1110 Levels (4) S8 and S10 Total Spots 2104 9/25/2026 8:08:00 AM Directions (5) 991 Fullerton Free Church Total Spots 800 08/24/2026 - 12/10/2026 Directions (6) Closed S8 and S10 are located at the corner of St. College and Yorba Linda.
2026-09-25 15:24:22,Availabile Parking Spaces Your browser does not support JavaScript! Available Parking Spaces Nutwood Structure Total Spots 2484 9/25/2026 8:24:00 AM Directions (1) 2060 Levels (1) State College Structure Total Spots 1373 9/25/2026 8:24:00 AM Directions (2) 1055 Levels (2) Eastside North Total Spots 1880 9/25/2026 8:24:00 AM Directions (3) 1711 Levels (3) Eastside South Total Spots 1341 9/25/2026 8:24:00 AM Directions (4) 1053 Levels (4) S8 and S10 Total Spots 2104 9/25/2026 8:24:00 AM Directions (5) 968 Fullerton Free Church Total Spots 800 08/24/2026 - 12/10/2026 Directions (6) Closed S8 and S10 are located at the corner of St. College and Yorba Linda.
2026-09-25 15:37:59,Availabile Parking Spaces Your browser does not support JavaScript! Available Parking Spaces Nutwood Structure Total Spots 2484 9/25/2026 8:38:00 AM Directions (1) 1945 Levels (1) State College Structure Total Spots 1373 9/25/2026 8:38:00 AM Directions (2) 1032 Levels (2) Eastside North Total Spots 1880 9/25/2026 8:38:00 AM Directions (3) 1653 Levels (3) Eastside South Total Spots 1341 9/25/2026 8:38:00 AM Directions (4) 1007 Levels (4) S8 and S10 Total Spots 2104 9/25/2026 8:38:00 AM Directions (5) 991 Fullerton Free Church Total Spots 800 08/24/2026 - 12/10/2026 Directions (6) Closed S8 and S10 are located at the corner of St. College and Yorba Linda.
2026-09-25 15:49:25,Availabile Parking Spaces Your browser does not support JavaScript! Available Parking Spaces Nutwood Structure Total Spots 2484 9/25/2026 8:49:00 AM Directions (1) 1784 Levels (1) State College Structure Total Spots 1373 9/25/2026 8:49:00 AM Directions (2) 993 Levels (2) Eastside North Total Spots 1880 9/25/2026 8:49:00 AM Directions (3) 1605 Levels (3) Eastside South Total Spots 1341 9/25/2026 8:49:00 AM Directions (4) 943 Levels (4) S8 and S10 Total Spots 2104 9/25/2026 8:49:00 AM Directions (5) 987 Fullerton Free Church Total Spots 800 08/24/2026 - 12/10/2026 Directions (6) Closed S8 and S10 are located at the corner of St. College and Yorba Linda.
2026-09-25 15:58:01,Availabile Parking Spaces Your browser does not support JavaScript! Available Parking Spaces Nutwood Structure Total Spots 2484 9/25/2026 8:58:00 AM Directions (1) 1741 Levels (1) State College Structure Total Spots 1373 9/25/2026 8:58:00 AM Directions (2) 961 Levels (2) Eastside North Total Spots 1880 9/25/2026 8:58:00 AM Directions (3) 1567 Levels (3) Eastside South Total Spots 1341 9/25/2026 8:58:00 AM Directions (4) 893 Levels (4) S8 and S10 Total Spots 2104 9/25/2026 8:58:00 AM Directions (5) 983 Fullerton Free Church Total Spots 800 08/24/2026 - 12/10/2026 Directions (6) Closed S8 and S10 are located at the corner of St. College and Yorba Linda.
2026-09-25 16:13:37,Availabile Parking Spaces Your browser does not support JavaScript! Available Parking Spaces Nutwood Structure Total Spots 2484 9/25/2026 9:14:00 AM Directions (1) 1695 Levels (1) State College Structure Total Spots 1373 9/25/2026 9:14:00 AM Directions (2) 941 Levels (2) Eastside North Total Spots 1880 9/25/2026 9:14:00 AM Directions (3) 1529 Levels (3) Eastside South Total Spots 1341 9/25/2026 9:14:00 AM Directions (4) 867 Levels (4) S8 and S10 Total Spots 2104 9/25/2026 9:14:00 AM Directions (5) 971 Fullerton Free Church Total Spots 800 08/24/2026 - 12/10/2026 Directions (6) Closed S8 and S10 are located at the corner of St. College and Yorba Linda.
2026-09-25 16:31:38,Availabile Parking Spaces Your browser does not support JavaScript! Available Parking Spaces Nutwood Structure Total Spots 2484 9/25/2026 9:32:00 AM Directions (1) Full Levels (1) State College Structure Total Spots 1373 9/25/2026 9:32:00 AM Directions (2) 908 Levels (2) Eastside North Total Spots 1880 9/25/2026 9:32:00 AM Directions (3) 1499 Levels (3) Eastside South Total Spots 1341 9/25/2026 9:32:00 AM Directions (4) 843 Levels (4) S8 and S10 Total Spots 2104 9/25/2026 9:32:00 AM Directions (5) 947 Fullerton Free Church Total Spots 800 08/24/2026 - 12/10/2026 Directions (6) Closed S8 and S10 are located at the corner of St. College and Yorba Linda.
2026-09-25 16:49:07,Availabile Parking Spaces Your browser does not support JavaScript! Available Parking Spaces Nutwood Structure Total Spots 2484 9/25/2026 9:49:00 AM Directions (1) Full Levels (1) State College Structure Total Spots 1373 9/25/2026 9:49:00 AM Directions (2) 870 Levels (2) Eastside North Total Spots 1880 9/25/2026 9:49:00 AM Directions (3) 1479 Levels (3) Eastside South Total Spots 1341 9/25/2026 9:49:00 AM Directions (4) 802 Levels (4) S8 and S10 Total Spots 2104 9/25/2026 9:49:00 AM Directions (5) 983 Fullerton Free Church Total Spots 800 08/24/2026 - 12/10/2026 Directions (6) Closed S8 and S10 are located at the corner of St. College and Yorba Linda.
2026-09-25 16:58:17,Availabile Parking Spaces Your browser does not support JavaScript! Available Parking Spaces Nutwood Structure Total Spots 2484 9/25/2026 9:58:00 AM Directions (1) Full Levels (1) State College Structure Total Spots 1373 9/25/2026 9:58:00 AM Directions (2) 854 Levels (2) Eastside North Total Spots 1880 9/25/2026 9:58:00 AM Directions (3) 1463 Levels (3) Eastside South Total Spots 1341 9/25/2026 9:58:00 AM Directions (4) 795 Levels (4) S8 and S10 Total Spots 2104 9/25/2026 9:58:00 AM Directions (5) 972 Fullerton Free Church Total Spots 800 08/24/2026 - 12/10/2026 Directions (6) Closed S8 and S10 are located at the corner of St. College and Yorba Linda.
2026-09-25 17:12:27,Availabile Parking Spaces Your browser does not support JavaScript! Available Parking Spaces Nutwood Structure Total Spots 2484 9/25/2026 10:12:00 AM Directions (1) Full Levels (1) State College Structure Total Spots 1373 9/25/2026 10:12:00 AM Directions (2) 842 Levels (2) Eastside North Total Spots 1880 9/25/2026 10:12:00 AM Directions (3) 1459 Levels (3) Eastside South Total Spots 1341 9/25/2026 10:12:00 AM Directions (4) 790 Levels (4) S8 and S10 Total Spots 2104 9/25/2026 10:12:00 AM Directions (5) 977 Fullerton Free Church Total Spots 800 08/24/2026 - 12/10/2026 Directions (6) Closed S8 and S10 are located at the corner of St. College and Yorba Linda.
2026-09-25 17:29:00,Availabile Parking Spaces Your browser does not support JavaScript! Available Parking Spaces Nutwood Structure Total Spots 2484 9/25/2026 10:29:00 AM Directions (1) Full Levels (1) State College Structure Total Spots 1373 9/25/2026 10:29:00 AM Directions (2) 821 Levels (2) Eastside North Total Spots 1880 9/25/2026 10:29:00 AM Directions (3) 1448 Levels (3) Eastside South Total Spots 1341 9/25/2026 10:29:00 AM Directions (4) 766 Levels (4) S8 and S10 Total Spots 2104 9/25/2026 10:29:00 AM Directions (5) 978 Fullerton Free Church Total Spots 800 08/24/2026 - 12/10/2026 Directions (6) Closed S8 and S10 are located at the corner of St. College and Yorba Linda.
2026-09-25 17:42:54,Availabile Parking Spaces Your browser does not support JavaScript! Available Parking Spaces Nutwood Structure Total Spots 2484 9/25/2026 10:43:00 AM Directions (1) Full Levels (1) State College Structure Total Spots 1373 9/25/2026 10:43:00 AM Directions (2) 779 Levels (2) Eastside North Total Spots 1880 9/25/2026 10:43:00 AM Directions (3) 1414 Levels (3) Eastside South Total Spots 1341 9/25/2026 10:43:00 AM Directions (4) 732 Levels (4) S8 and S10 Total Spots 2104 9/25/2026 10:43:00 AM Directions (5) 968 Fullerton Free Church Total Spots 800 08/24/2026 - 12/10/2026 Directions (6) Closed S8 and S10 are located at the corner of St. College and Yorba Linda.
2026-09-25 17:55:32,Availabile Parking Spaces Your browser does not support JavaScript! Available Parking Spaces Nutwood Structure Total Spots 2484 9/25/2026 10:56:00 AM Directions (1) Full Levels (1) State College Structure Total Spots 1373 9/25/2026 10:56:00 AM Directions (2) 760 Levels (2) Eastside North Total Spots 1880 9/25/2026 10:56:00 AM Directions (3) 1385 Levels (3) Eastside South Total Spots 1341 9/25/2026 10:56:00 AM Directions (4) 692 Levels (4) S8 and S10 Total Spots 2104 9/25/2026 10:56:00 AM Directions (5) 970 Fullerton Free Church Total Spots 800 08/24/2026 - 12/10/2026 Directions (6) Closed S8 and S10 are located at the corner of St. College and Yorba Linda.
2026-09-25 18:08:15,Availabile Parking Spaces Your browser does not support JavaScript! Available Parking Spaces Nutwood Structure Total Spots 2484 9/25/2026 11:08:00 AM Directions (1) Full Levels (1) State College Structure Total Spots 1373 9/25/2026 11:08:00 AM Directions (2) 779 Levels (2) Eastside North Total Spots 1880 9/25/2026 11:08:00 AM Directions (3) 1389 Levels (3) Eastside South Total Spots 1341 9/25/2026 11:08:00 AM Directions (4) 673 Levels (4) S8 and S10 Total Spots 2104 9/25/2026 11:08:00 AM Directions (5) 973 Fullerton Free Church Total Spots 800 08/24/2026 - 12/10/2026 Directions (6) Closed S8 and S10 are located at the corner of St. College and Yorba Linda.
2026-09-25 18:24:46,Availabile Parking Spaces Your browser does not support JavaScript! Available Parking Spaces Nutwood Structure Total Spots 2484 9/25/2026 11:25:00 AM Directions (1) Full Levels (1) State College Structure Total Spots 1373 9/25/2026 11:25:00 AM Directions (2) 779 Levels (2) Eastside North Total Spots 1880 9/25/2026 11:25:00 AM Directions (3) 1385 Levels (3) Eastside South Total Spots 1341 9/25/2026 11:25:00 AM Directions (4) 672 Levels (4) S8 and S10 Total Spots 2104 9/25/2026 11:25:00 AM Directions (5) 974 Fullerton Free Church Total Spots 800 08/24/2026 - 12/10/2026 Directions (6) Closed S8 and S10 are located at the corner of St. College and Yorba Linda.
2026-09-25 18:40:01,Availabile Parking Spaces Your browser does not support JavaScript! Available Parking Spaces Nutwood Structure Total Spots 2484 9/25/2026 11:40:00 AM Directions (1) Full Levels (1) State College Structure Total Spots 1373 9/25/2026 11:40:00 AM Directions (2) 774 Levels (2) Eastside North Total Spots 1880 9/25/2026 11:40:00 AM Directions (3) 1377 Levels (3) Eastside South Total Spots 1341 9/25/2026 11:40:00 AM Directions (4) 660 Levels (4) S8 and S10 Total Spots 2104 9/25/2026 11:40:00 AM Directions (5) 974 Fullerton Free Church Total Spots 800 08/24/2026 - 12/10/2026 Directions (6) Closed S8 and S10 are located at the corner of St. College and Yorba Linda.
2026-09-25 18:53:01,Availabile Parking Spaces Your browser does not support JavaScript! Available Parking Spaces Nutwood Structure Total Spots 2484 9/25/2026 11:53:00 AM Directions (1) 20 Levels (1) State College Structure Total Spots 1373 9/25/2026 11:53:00 AM Directions (2) 747 Levels (2) Eastside North Total Spots 1880 9/25/2026 11:53:00 AM Directions (3) 1375 Levels (3) Eastside South Total Spots 1341 9/25/2026 11:53:00 AM Directions (4) 691 Levels (4) S8 and S10 Total Spots 2104 9/25/2026 11:53:00 AM Directions (5) 984 Fullerton Free Church Total Spots 800 08/24/2026 - 12/10/2026 Directions (6) Closed S8 and S10 are located at the corner of St. College and Yorba Linda.
2026-09-25 19:06:07,Availabile Parking Spaces Your browser does not support JavaScript! Available Parking Spaces Nutwood Structure Total Spots 2484 9/25/2026 12:06:00 PM Directions (1) 61 Levels (1) State College Structure Total Spots 1373 9/25/2026 12:06:00 PM Directions (2) 738 Levels (2) Eastside North Total Spots 1880 9/25/2026 12:06:00 PM Directions (3) 1406 Levels (3) Eastside South Total Spots 1341 9/25/2026 12:06:00 PM Directions (4) 737 Levels (4) S8 and S10 Total Spots 2104 9/25/2026 12:06:00 PM Directions (5) 996 Fullerton Free Church Total Spots 800 08/24/2026 - 12/10/2026 Directions (6) Closed S8 and S10 are located at the corner of St. College and Yorba Linda.
2026-09-25 19:19:42,Availabile Parking Spaces Your browser does not support JavaScript! Available Parking Spaces Nutwood Structure Total Spots 2484 9/25/2026 12:20:00 PM Directions (1) 107 Levels (1) State College Structure Total Spots 1373 9/25/2026 12:20:00 PM Directions (2) 767 Levels (2) Eastside North Total Spots 1880 9/25/2026 12:20:00 PM Directions (3) 1419 Levels (3) Eastside South Total Spots 1341 9/25/2026 12:20:00 PM Directions (4) 766 Levels (4) S8 and S10 Total Spots 2104 9/25/2026 12:20:00 PM Directions (5) 1009 Fullerton Free Church Total Spots 800 08/24/2026 - 12/10/2026 Directions (6) Closed S8 and S10 are located at the corner of St. College and Yorba Linda.
2026-09-25 19:31:00,Availabile Parking Spaces Your browser does not support JavaScript! Available Parking Spaces Nutwood Structure Total Spots 2484 9/25/2026 12:31:00 PM Directions (1) 108 Levels (1) State College Structure Total Spots 1373 9/25/2026 12:31:00 PM Directions (2) 749 Levels (2) Eastside North Total Spots 1880 9/25/2026 12:31:00 PM Directions (3) 1425 Levels (3) Eastside South Total Spots 1341 9/25/2026 12:31:00 PM Directions (4) 776 Levels (4) S8 and S10 Total Spots 2104 9/25/2026 12:31:00 PM Directions (5) 1011 Fullerton Free Church Total Spots 800 08/24/2026 - 12/10/2026 Directions (6) Closed S8 and S10 are located at the corner of St. College and Yorba Linda.
2026-09-25 19:46:17,Availabile Parking Spaces Your browser does not support JavaScript! Available Parking Spaces Nutwood Structure Total Spots 2484 9/25/2026 12:46:00 PM Directions (1) 137 Levels (1) State College Structure Total Spots 1373 9/25/2026 12:46:00 PM Directions (2) 758 Levels (2) Eastside North Total Spots 1880 9/25/2026 12:46:00 PM Directions (3) 1443 Levels (3) Eastside South Total Spots 1341 9/25/2026 12:46:00 PM Directions (4) 775 Levels (4) S8 and S10 Total Spots 2104 9/25/2026 12:46:00 PM Directions (5) 1007 Fullerton Free Church Total Spots 800 08/24/2026 - 12/10/2026 Directions (6) Closed S8 and S10 are located at the corner of St. College and Yorba Linda.
2026-09-25 19:55:54,Availabile Parking Spaces Your browser does not support JavaScript! Available Parking Spaces Nutwood Structure Total Spots 2484 9/25/2026 12:56:00 PM Directions (1) 155 Levels (1) State College Structure Total Spots 1373 9/25/2026 12:56:00 PM Directions (2) 796 Levels (2) Eastside North Total Spots 1880 9/25/2026 12:56:00 PM Directions (3) 1466 Levels (3) Eastside South Total Spots 1341 9/25/2026 12:56:00 PM Directions (4) 789 Levels (4) S8 and S10 Total Spots 2104 9/25/2026 12:56:00 PM Directions (5) 1001 Fullerton Free Church Total Spots 800 08/24/2026 - 12/10/2026 Directions (6) Closed S8 and S10 are located at the corner of St. College and Yorba Linda.
2026-09-25 20:07:25,Availabile Parking Spaces Your browser does not support JavaScript! Available Parking Spaces Nutwood Structure Total Spots 2484 9/25/2026 1:07:00 PM Directions (1) 198 Levels (1) State College Structure Total Spots 1373 9/25/2026 1:07:00 PM Directions (2) 806 Levels (2) Eastside North Total Spots 1880 9/25/2026 1:07:00 PM Directions (3) 1540 Levels (3) Eastside South Total Spots 1341 9/25/2026 1:07:00 PM Directions (4) 863 Levels (4) S8 and S10 Total Spots 2104 9/25/2026 1:07:00 PM Directions (5) 1007 Fullerton Free Church Total Spots 800 08/24/2026 - 12/10/2026 Directions (6) Closed S8 and S10 are located at the corner of St. College and Yorba Linda.
2026-09-25 20:21:16,Availabile Parking Spaces Your browser does not support JavaScript! Available Parking Spaces Nutwood Structure Total Spots 2484 9/25/2026 1:21:00 PM Directions (1) Full Levels (1) State College Structure Total Spots 1373 9/25/2026 1:21:00 PM Directions (2) 854 Levels (2) Eastside North Total Spots 1880 9/25/2026 1:21:00 PM Directions (3) 1556 Levels (3) Eastside South Total Spots 1341 9/25/2026 1:21:00 PM Directions (4) 884 Levels (4) S8 and S10 Total Spots 2104 9/25/2026 1:21:00 PM Directions (5) 1030 Fullerton Free Church Total Spots 800 08/24/2026 - 12/10/2026 Directions (6) Closed S8 and S10 are located at the corner of St. College and Yorba Linda.
2026-09-25 20:38:45,Availabile Parking Spaces Your browser does not support JavaScript! Available Parking Spaces Nutwood Structure Total Spots 2484 9/25/2026 1:39:00 PM Directions (1) Full Levels (1) State College Structure Total Spots 1373 9/25/2026 1:39:00 PM Directions (2) 886 Levels (2) Eastside North Total Spots 1880 9/25/2026 1:39:00 PM Directions (3) 1584 Levels (3) Eastside South Total Spots 1341 9/25/2026 1:39:00 PM Directions (4) 916 Levels (4) S8 and S10 Total Spots 2104 9/25/2026 1:39:00 PM Directions (5) 1004 Fullerton Free Church Total Spots 800 08/24/2026 - 12/10/2026 Directions (6) Closed S8 and S10 are located at the corner of St. College and Yorba Linda.
2026-09-25 20:50:18,Availabile Parking Spaces Your browser does not support JavaScript! Available Parking Spaces Nutwood Structure Total Spots 2484 9/25/2026 1:50:00 PM Directions (1) Full Levels (1) State College Structure Total Spots 1373 9/25/2026 1:50:00 PM Directions (2) 892 Levels (2) Eastside North Total Spots 1880 9/25/2026 1:50:00 PM Directions (3) 1581 Levels (3) Eastside South Total Spots 1341 9/25/2026 1:50:00 PM Directions (4) 917 Levels (4) S8 and S10 Total Spots 2104 9/25/2026 1:50:00 PM Directions (5) 1003 Fullerton Free Church Total Spots 800 08/24/2026 - 12/10/2026 Directions (6) Closed S8 and S10 are located at the corner of St. College and Yorba Linda.
2026-09-25 21:06:46,Availabile Parking Spaces Your browser does not support JavaScript! Available Parking Spaces Nutwood Structure Total Spots 2484 9/25/2026 2:07:00 PM Directions (1) 1201 Levels (1) State College Structure Total Spots 1373 9/25/2026 2:07:00 PM Directions (2) 918 Levels (2) Eastside North Total Spots 1880 9/25/2026 2:07:00 PM Directions (3) 1603 Levels (3) Eastside South Total Spots 1341 9/25/2026 2:07:00 PM Directions (4) 958 Levels (4) S8 and S10 Total Spots 2104 9/25/2026 2:07:00 PM Directions (5) 1013 Fullerton Free Church Total Spots 800 08/24/2026 - 12/10/2026 Directions (6) Closed S8 and S10 are located at the corner of St. College and Yorba Linda.
2026-09-25 21:21:33,Availabile Parking Spaces Your browser does not support JavaScript! Available Parking Spaces Nutwood Structure Total Spots 2484 9/25/2026 2:21:00 PM Directions (1) 1244 Levels (1) State College Structure Total Spots 1373 9/25/2026 2:21:00 PM Directions (2) 969 Levels (2) Eastside North Total Spots 1880 9/25/2026 2:21:00 PM Directions (3) 1618 Levels (3) Eastside South Total Spots 1341 9/25/2026 2:21:00 PM Directions (4) 977 Levels (4) S8 and S10 Total Spots 2104 9/25/2026 2:21:00 PM Directions (5) 1020 Fullerton Free Church Total Spots 800 08/24/2026 - 12/10/2026 Directions (6) Closed S8 and S10 are located at the corner of St. College and Yorba Linda.
2026-09-25 21:38:33,Availabile Parking Spaces Your browser does not support JavaScript! Available Parking Spaces Nutwood Structure Total Spots 2484 9/25/2026 2:38:00 PM Directions (1) 1284 Levels (1) State College Structure Total Spots 1373 9/25/2026 2:38:00 PM Directions (2) 996 Levels (2) Eastside North Total Spots 1880 9/25/2026 2:38:00 PM Directions (3) 1635 Levels (3) Eastside South Total Spots 1341 9/25/2026 2:38:00 PM Directions (4) 984 Levels (4) S8 and S10 Total Spots 2104 9/25/2026 2:38:00 PM Directions (5) 1011 Fullerton Free Church Total Spots 800 08/24/2026 - 12/10/2026 Directions (6) Closed S8 and S10 are located at the corner of St. College and Yorba Linda.
2026-09-25 21:49:37,Availabile Parking Spaces Your browser does not support JavaScript! Available Parking Spaces Nutwood Structure Total Spots 2484 9/25/2026 2:49:00 PM Directions (1) 1316 Levels (1) State College Structure Total Spots 1373 9/25/2026 2:49:00 PM Directions (2) 1005 Levels (2) Eastside North Total Spots 1880 9/25/2026 2:49:00 PM Directions (3) 1635 Levels (3) Eastside South Total Spots 1341 9/25/2026 2:49:00 PM Directions (4) 991 Levels (4) S8 and S10 Total Spots 2104 9/25/2026 2:49:00 PM Directions (5) 1015 Fullerton Free Church Total Spots 800 08/24/2026 - 12/10/2026 Directions (6) Closed S8 and S10 are located at the corner of St. College and Yorba Linda.
2026-09-25 21:58:00,Availabile Parking Spaces Your browser does not support JavaScript! Available Parking Spaces Nutwood Structure Total Spots 2484 9/25/2026 2:58:00 PM Directions (1) 1350 Levels (1) State College Structure Total Spots 1373 9/25/2026 2:58:00 PM Directions (2) 1015 Levels (2) Eastside North Total Spots 1880 9/25/2026 2:58:00 PM Directions (3) 1643 Levels (3) Eastside South Total Spots 1341 9/25/2026 2:58:00 PM Directions (4) 996 Levels (4) S8 and S10 Total Spots 2104 9/25/2026 2:58:00 PM Directions (5) 1024 Fullerton Free Church Total Spots 800 08/24/2026 - 12/10/2026 Directions (6) Closed S8 and S10 are located at the corner of St. College and Yorba Linda.
2026-09-25 22:12:12,Availabile Parking Spaces Your browser does not support JavaScript! Available Parking Spaces Nutwood Structure Total Spots 2484 9/25/2026 3:12:00 PM Directions (1) 1400 Levels (1) State College Structure Total Spots 1373 9/25/2026 3:12:00 PM Directions (2) 1038 Levels (2) Eastside North Total Spots 1880 9/25/2026 3:12:00 PM Directions (3) 1650 Levels (3) Eastside South Total Spots 1341 9/25/2026 3:12:00 PM Directions (4) 993 Levels (4) S8 and S10 Total Spots 2104 9/25/2026 3:12:00 PM Directions (5) 1039 Fullerton Free Church Total Spots 800 08/24/2026 - 12/10/2026 Directions (6) Closed S8 and S10 are located at the corner of St. College and Yorba Linda.
2026-09-25 22:28:37,Availabile Parking Spaces Your browser does not support JavaScript! Available Parking Spaces Nutwood Structure Total Spots 2484 9/25/2026 3:29:00 PM Directions (1) 1428 Levels (1) State College Structure Total Spots 1373 9/25/2026 3:29:00 PM Directions (2) 1073 Levels (2) Eastside North Total Spots 1880 9/25/2026 3:29:00 PM Directions (3) 1669 Levels (3) Eastside South Total Spots 1341 9/25/2026 3:29:00 PM Directions (4) 1019 Levels (4) S8 and S10 Total Spots 2104 9/25/2026 3:29:00 PM Directions (5) 1049 Fullerton Free Church Total Spots 800 08/24/2026 - 12/10/2026 Directions (6) Closed S8 and S10 are located at the corner of St. College and Yorba Linda.
2026-09-25 22:41:13,Availabile Parking Spaces Your browser does not support JavaScript! Available Parking Spaces Nutwood Structure Total Spots 2484 9/25/2026 3:41:00 PM Directions (1) 1434 Levels (1) State College Structure Total Spots 1373 9/25/2026 3:41:00 PM Directions (2) 1085 Levels (2) Eastside North Total Spots 1880 9/25/2026 3:41:00 PM Directions (3) 1677 Levels (3) Eastside South Total Spots 1341 9/25/2026 3:41:00 PM Directions (4) 1041 Levels (4) S8 and S10 Total Spots 2104 9/25/2026 3:41:00 PM Directions (5) 1038 Fullerton Free Church Total Spots 800 08/24/2026 - 12/10/2026 Directions (6) Closed S8 and S10 are located at the corner of St. College and Yorba Linda.
2026-09-25 22:54:49,Availabile Parking Spaces Your browser does not support JavaScript! Available Parking Spaces Nutwood Structure Total Spots 2484 9/25/2026 3:55:00 PM Directions (1) 1433 Levels (1) State College Structure Total Spots 1373 9/25/2026 3:55:00 PM Directions (2) 1094 Levels (2) Eastside North Total Spots 1880 9/25/2026 3:55:00 PM Directions (3) 1686 Levels (3) Eastside South Total Spots 1341 9/25/2026 3:55:00 PM Directions (4) 1048 Levels (4) S8 and S10 Total Spots 2104 9/25/2026 3:55:00 PM Directions (5) 1042 Fullerton Free Church Total Spots 800 08/24/2026 - 12/10/2026 Directions (6) Closed S8 and S10 are located at the corner of St. College and Yorba Linda.
2026-09-25 23:06:12,Availabile Parking Spaces Your browser does not support JavaScript! Available Parking Spaces Nutwood Structure Total Spots 2484 9/25/2026 4:06:00 PM Directions (1) 1461 Levels (1) State College Structure Total Spots 1373 9/25/2026 4:06:00 PM Directions (2) 1100 Levels (2) Eastside North Total Spots 1880 9/25/2026 4:06:00 PM Directions (3) 1707 Levels (3) Eastside South Total Spots 1341 9/25/2026 4:06:00 PM Directions (4) 1062 Levels (4) S8 and S10 Total Spots 2104 9/25/2026 4:06:00 PM Directions (5) 1045 Fullerton Free Church Total Spots 800 08/24/2026 - 12/10/2026 Directions (6) Closed S8 and S10 are located at the corner of St. College and Yorba Linda.
2026-09-25 23:19:37,Availabile Parking Spaces Your browser does not support JavaScript! Available Parking Spaces Nutwood Structure Total Spots 2484 9/25/2026 4:20:00 PM Directions (1) 1474 Levels (1) State College Structure Total Spots 1373 9/25/2026 4:20:00 PM Directions (2) 1119 Levels (2) Eastside North Total Spots 1880 9/25/2026 4:20:00 PM Directions (3) 1729 Levels (3) Eastside South Total Spots 1341 9/25/2026 4:20:00 PM Directions (4) 1075 Levels (4) S8 and S10 Total Spots 2104 9/25/2026 4:20:00 PM Directions (5) 1056 Fullerton Free Church Total Spots 800 08/24/2026 - 12/10/2026 Directions (6) Closed S8 and S10 are located at the corner of St. College and Yorba Linda.
2026-09-25 23:30:53,Availabile Parking Spaces Your browser does not support JavaScript! Available Parking Spaces Nutwood Structure Total Spots 2484 9/25/2026 4:31:00 PM Directions (1) 1489 Levels (1) State College Structure Total Spots 1373 9/25/2026 4:31:00 PM Directions (2) 1126 Levels (2) Eastside North Total Spots 1880 9/25/2026 4:31:00 PM Directions (3) 1737 Levels (3) Eastside South Total Spots 1341 9/25/2026 4:31:00 PM Directions (4) 1084 Levels (4) S8 and S10 Total Spots 2104 9/25/2026 4:31:00 PM Directions (5) 1059 Fullerton Free Church Total Spots 800 08/24/2026 - 12/10/2026 Directions (6) Closed S8 and S10 are located at the corner of St. College and Yorba Linda.
2026-09-25 23:45:38,Availabile Parking Spaces Your browser does not support JavaScript! Available Parking Spaces Nutwood Structure Total Spots 2484 9/25/2026 4:46:00 PM Directions (1) 1519 Levels (1) State College Structure Total Spots 1373 9/25/2026 4:46:00 PM Directions (2) 1147 Levels (2) Eastside North Total Spots 1880 9/25/2026 4:46:00 PM Directions (3) 1749 Levels (3) Eastside South Total Spots 1341 9/25/2026 4:46:00 PM Directions (4) 1100 Levels (4) S8 and S10 Total Spots 2104 9/25/2026 4:46:00 PM Directions (5) 1045 Fullerton Free Church Total Spots 800 08/24/2026 - 12/10/2026 Directions (6) Closed S8 and S10 are located at the corner of St. College and Yorba Linda.
2026-09-25 23:53:53,Availabile Parking Spaces Your browser does not support JavaScript! Available Parking Spaces Nutwood Structure Total Spots 2484 9/25/2026 4:54:00 PM Directions (1) 1532 Levels (1) State College Structure Total Spots 1373 9/25/2026 4:54:00 PM Directions (2) 1145 Levels (2) Eastside North Total Spots 1880 9/25/2026 4:54:00 PM Directions (3) 1762 Levels (3) Eastside South Total Spots 1341 9/25/2026 4:54:00 PM Directions (4) 1109 Levels (4) S8 and S10 Total Spots 2104 9/25/2026 4:54:00 PM Directions (5) 1048 Fullerton Free Church Total Spots 800 08/24/2026 - 12/10/2026 Directions (6) Closed S8 and S10 are located at the corner of St. College and Yorba Linda.
2026-09-26 00:18:08,Availabile Parking Spaces Your browser does not support JavaScript! Available Parking Spaces Nutwood Structure Total Spots 2484 9/25/2026 5:18:00 PM Directions (1) 1583 Levels (1) State College Structure Total Spots 1373 9/25/2026 5:18:00 PM Directions (2) 1186 Levels (2) Eastside North Total Spots 1880 9/25/2026 5:18:00 PM Directions (3) 1806 Levels (3) Eastside South Total Spots 1341 9/25/2026 5:18:00 PM Directions (4) 1150 Levels (4) S8 and S10 Total Spots 2104 9/25/2026 5:18:00 PM Directions (5) 1060 Fullerton Free Church Total Spots 800 08/24/2026 - 12/10/2026 Directions (6) Closed S8 and S10 are located at the corner of St. College and Yorba Linda.
2026-09-26 00:39:26,Availabile Parking Spaces Your browser does not support JavaScript! Available Parking Spaces Nutwood Structure Total Spots 2484 9/25/2026 5:39:00 PM Directions (1) 1597 Levels (1) State College Structure Total Spots 1373 9/25/2026 5:39:00 PM Directions (2) 1206 Levels (2) Eastside North Total Spots 1880 9/25/2026 5:39:00 PM Directions (3) 1809 Levels (3) Eastside South Total Spots 1341 9/25/2026 5:39:00 PM Directions (4) 1170 Levels (4) S8 and S10 Total Spots 2104 9/25/2026 5:39:00 PM Directions (5) 1046 Fullerton Free Church Total Spots 800 08/24/2026 - 12/10/2026 Directions (6) Closed S8 and S10 are located at the corner of St. College and Yorba Linda.
2026-09-26 00:55:49,Availabile Parking Spaces Your browser does not support JavaScript! Available Parking Spaces Nutwood Structure Total Spots 2484 9/25/2026 5:56:00 PM Directions (1) 1605 Levels (1) State College Structure Total Spots 1373 9/25/2026 5:56:00 PM Directions (2) 1213 Levels (2) Eastside North Total Spots 1880 9/25/2026 5:56:00 PM Directions (3) 1818 Levels (3) Eastside South Total Spots 1341 9/25/2026 5:56:00 PM Directions (4) 1187 Levels (4) S8 and S10 Total Spots 2104 9/25/2026 5:56:00 PM Directions (5) 1061 Fullerton Free Church Total Spots 800 08/24/2026 - 12/10/2026 Directions (6) Closed S8 and S10 are located at the corner of St. College and Yorba Linda.
2026-09-28 15:10:01,Availabile Parking Spaces Your browser does not support JavaScript! Available Parking Spaces Nutwood Structure Total Spots 2484 9/28/2026 8:10:00 AM Directions (1) 1526 Levels (1) State College Structure Total Spots 1373 9/28/2026 8:10:00 AM Directions (2) 834 Levels (2) Eastside North Total Spots 1880 9/28/2026 8:10:00 AM Directions (3) 1341 Levels (3) Eastside South Total Spots 1341 9/28/2026 8:10:00 AM Directions (4) 702 Levels (4) S8 and S10 Total Spots 2104 9/28/2026 8:10:00 AM Directions (5) 776 Fullerton Free Church Total Spots 800 08/24/2026 - 12/10/2026 Directions (6) Open S8 and S10 are located at the corner of St. College and Yorba Linda.
2026-09-28 15:29:20,Availabile Parking Spaces Your browser does not support JavaScript! Available Parking Spaces Nutwood Structure Total Spots 2484 9/28/2026 8:29:00 AM Directions (1) Full Levels (1) State College Structure Total Spots 1373 9/28/2026 8:29:00 AM Directions (2) 669 Levels (2) Eastside North Total Spots 1880 9/28/2026 8:29:00 AM Directions (3) 1005 Levels (3) Eastside South Total Spots 1341 9/28/2026 8:29:00 AM Directions (4) 430 Levels (4) S8 and S10 Total Spots 2104 9/28/2026 8:29:00 AM Directions (5) 732 Fullerton Free Church Total Spots 800 08/24/2026 - 12/10/2026 Directions (6) Open S8 and S10 are located at the corner of St. College and Yorba Linda.
2026-09-28 15:46:37,Availabile Parking Spaces Your browser does not support JavaScript! Available Parking Spaces Nutwood Structure Total Spots 2484 9/28/2026 8:47:00 AM Directions (1) Full Levels (1) State College Structure Total Spots 1373 9/28/2026 8:47:00 AM Directions (2) 540 Levels (2) Eastside North Total Spots 1880 9/28/2026 8:47:00 AM Directions (3) 848 Levels (3) Eastside South Total Spots 1341 9/28/2026 8:47:00 AM Directions (4) 306 Levels (4) S8 and S10 Total Spots 2104 9/28/2026 8:47:00 AM Directions (5) 765 Fullerton Free Church Total Spots 800 08/24/2026 - 12/10/2026 Directions (6) Open S8 and S10 are located at the corner of St. College and Yorba Linda.
2026-09-28 15:59:37,Availabile Parking Spaces Your browser does not support JavaScript! Available Parking Spaces Nutwood Structure Total Spots 2484 9/28/2026 8:59:00 AM Directions (1) 100 Levels (1) State College Structure Total Spots 1373 9/28/2026 8:59:00 AM Directions (2) 443 Levels (2) Eastside North Total Spots 1880 9/28/2026 8:59:00 AM Directions (3) 758 Levels (3) Eastside South Total Spots 1341 9/28/2026 8:59:00 AM Directions (4) 256 Levels (4) S8 and S10 Total Spots 2104 9/28/2026 8:59:00 AM Directions (5) 746 Fullerton Free Church Total Spots 800 08/24/2026 - 12/10/2026 Directions (6) Open S8 and S10 are located at the corner of St. College and Yorba Linda.
2026-09-28 16:19:15,Availabile Parking Spaces Your browser does not support JavaScript! Available Parking Spaces Nutwood Structure Total Spots 2484 9/28/2026 9:19:00 AM Directions (1) Full Levels (1) State College Structure Total Spots 1373 9/28/2026 9:19:00 AM Directions (2) 326 Levels (2) Eastside North Total Spots 1880 9/28/2026 9:19:00 AM Directions (3) 576 Levels (3) Eastside South Total Spots 1341 9/28/2026 9:19:00 AM Directions (4) 175 Levels (4) S8 and S10 Total Spots 2104 9/28/2026 9:19:00 AM Directions (5) 712 Fullerton Free Church Total Spots 800 08/24/2026 - 12/10/2026 Directions (6) Open S8 and S10 are located at the corner of St. College and Yorba Linda.
2026-09-28 16:35:48,Availabile Parking Spaces Your browser does not support JavaScript! Available Parking Spaces Nutwood Structure Total Spots 2484 9/28/2026 9:36:00 AM Directions (1) 82 Levels (1) State College Structure Total Spots 1373 9/28/2026 9:36:00 AM Directions (2) 237 Levels (2) Eastside North Total Spots 1880 9/28/2026 9:36:00 AM Directions (3) 379 Levels (3) Eastside South Total Spots 1341 9/28/2026 9:36:00 AM Directions (4) 89 Levels (4) S8 and S10 Total Spots 2104 9/28/2026 9:36:00 AM Directions (5) 731 Fullerton Free Church Total Spots 800 08/24/2026 - 12/10/2026 Directions (6) Open S8 and S10 are located at the corner of St. College and Yorba Linda.
2026-09-28 16:51:17,Availabile Parking Spaces Your browser does not support JavaScript! Available Parking Spaces Nutwood Structure Total Spots 2484 9/28/2026 9:51:00 AM Directions (1) 42 Levels (1) State College Structure Total Spots 1373 9/28/2026 9:51:00 AM Directions (2) 108 Levels (2) Eastside North Total Spots 1880 9/28/2026 9:51:00 AM Directions (3) 246 Levels (3) Eastside South Total Spots 1341 9/28/2026 9:51:00 AM Directions (4) 27 Levels (4) S8 and S10 Total Spots 2104 9/28/2026 9:51:00 AM Directions (5) 665 Fullerton Free Church Total Spots 800 08/24/2026 - 12/10/2026 Directions (6) Open S8 and S10 are located at the corner of St. College and Yorba Linda.
2026-09-28 17:07:35,Availabile Parking Spaces Your browser does not support JavaScript! Available Parking Spaces Nutwood Structure Total Spots 2484 9/28/2026 10:08:00 AM Directions (1) 42 Levels (1) State College Structure Total Spots 1373 9/28/2026 10:08:00 AM Directions (2) 76 Levels (2) Eastside North Total Spots 1880 9/28/2026 10:08:00 AM Directions (3) 227 Levels (3) Eastside South Total Spots 1341 9/28/2026 10:08:00 AM Directions (4) 69 Levels (4) S8 and S10 Total Spots 2104 9/28/2026 10:08:00 AM Directions (5) 635 Fullerton Free Church Total Spots 800 08/24/2026 - 12/10/2026 Directions (6) Open S8 and S10 are located at the corner of St. College and Yorba Linda.
2026-09-28 17:24:01,Availabile Parking Spaces Your browser does not support JavaScript! Available Parking Spaces Nutwood Structure Total Spots 2484 9/28/2026 10:24:00 AM Directions (1) 93 Levels (1) State College Structure Total Spots 1373 9/28/2026 10:24:00 AM Directions (2) 49 Levels (2) Eastside North Total Spots 1880 9/28/2026 10:24:00 AM Directions (3) 170 Levels (3) Eastside South Total Spots 1341 9/28/2026 10:24:00 AM Directions (4) 34 Levels (4) S8 and S10 Total Spots 2104 9/28/2026 10:24:00 AM Directions (5) 610 Fullerton Free Church Total Spots 800 08/24/2026 - 12/10/2026 Directions (6) Open S8 and S10 are located at the corner of St. College and Yorba Linda.
2026-09-28 17:39:14,Availabile Parking Spaces Your browser does not support JavaScript! Available Parking Spaces Nutwood Structure Total Spots 2484 9/28/2026 10:39:00 AM Directions (1) 142 Levels (1) State College Structure Total Spots 1373 9/28/2026 10:39:00 AM Directions (2) 29 Levels (2) Eastside North Total Spots 1880 9/28/2026 10:39:00 AM Directions (3) 119 Levels (3) Eastside South Total Spots 1341 9/28/2026 10:39:00 AM Directions (4) Full Levels (4) S8 and S10 Total Spots 2104 9/28/2026 10:39:00 AM Directions (5) 630 Fullerton Free Church Total Spots 800 08/24/2026 - 12/10/2026 Directions (6) Open S8 and S10 are located at the corner of St. College and Yorba Linda.
2026-09-28 17:52:40,Availabile Parking Spaces Your browser does not support JavaScript! Available Parking Spaces Nutwood Structure Total Spots 2484 9/28/2026 10:53:00 AM Directions (1) 190 Levels (1) State College Structure Total Spots 1373 9/28/2026 10:53:00 AM Directions (2) Full Levels (2) Eastside North Total Spots 1880 9/28/2026 10:53:00 AM Directions (3) 61 Levels (3) Eastside South Total Spots 1341 9/28/2026 10:53:00 AM Directions (4) Full Levels (4) S8 and S10 Total Spots 2104 9/28/2026 10:53:00 AM Directions (5) 613 Fullerton Free Church Total Spots 800 08/24/2026 - 12/10/2026 Directions (6) Open S8 and S10 are located at the corner of St. College and Yorba Linda.
2026-09-28 18:08:48,Availabile Parking Spaces Your browser does not support JavaScript! Available Parking Spaces Nutwood Structure Total Spots 2484 9/28/2026 11:09:00 AM Directions (1) Full Levels (1) State College Structure Total Spots 1373 9/28/2026 11:09:00 AM Directions (2) Full Levels (2) Eastside North Total Spots 1880 9/28/2026 11:09:00 AM Directions (3) 25 Levels (3) Eastside South Total Spots 1341 9/28/2026 11:09:00 AM Directions (4) Full Levels (4) S8 and S10 Total Spots 2104 9/28/2026 11:09:00 AM Directions (5) 573 Fullerton Free Church Total Spots 800 08/24/2026 - 12/10/2026 Directions (6) Open S8 and S10 are located at the corner of St. College and Yorba Linda.
2026-09-28 18:28:18,Availabile Parking Spaces Your browser does not support JavaScript! Available Parking Spaces Nutwood Structure Total Spots 2484 9/28/2026 11:28:00 AM Directions (1) 97 Levels (1) State College Structure Total Spots 1373 9/28/2026 11:28:00 AM Directions (2) Full Levels (2) Eastside North Total Spots 1880 9/28/2026 11:28:00 AM Directions (3) 39 Levels (3) Eastside South Total Spots 1341 9/28/2026 11:28:00 AM Directions (4) 14 Levels (4) S8 and S10 Total Spots 2104 9/28/2026 11:28:00 AM Directions (5) 533 Fullerton Free Church Total Spots 800 08/24/2026 - 12/10/2026 Directions (6) Open S8 and S10 are located at the corner of St. College and Yorba Linda.
2026-09-28 18:46:56,Availabile Parking Spaces Your browser does not support JavaScript! Available Parking Spaces Nutwood Structure Total Spots 2484 9/28/2026 11:47:00 AM Directions (1) Full Levels (1) State College Structure Total Spots 1373 9/28/2026 11:47:00 AM Directions (2) Full Levels (2) Eastside North Total Spots 1880 9/28/2026 11:47:00 AM Directions (3) 72 Levels (3) Eastside South Total Spots 1341 9/28/2026 11:47:00 AM Directions (4) 26 Levels (4) S8 and S10 Total Spots 2104 9/28/2026 11:47:00 AM Directions (5) 593 Fullerton Free Church Total Spots 800 08/24/2026 - 12/10/2026 Directions (6) Open S8 and S10 are located at the corner of St. College and Yorba Linda.
2026-09-28 19:00:12,Availabile Parking Spaces Your browser does not support JavaScript! Available Parking Spaces Nutwood Structure Total Spots 2484 9/28/2026 12:00:00 PM Directions (1) 75 Levels (1) State College Structure Total Spots 1373 9/28/2026 12:00:00 PM Directions (2) Full Levels (2) Eastside North Total Spots 1880 9/28/2026 12:00:00 PM Directions (3) 50 Levels (3) Eastside South Total Spots 1341 9/28/2026 12:00:00 PM Directions (4) 18 Levels (4) S8 and S10 Total Spots 2104 9/28/2026 12:00:00 PM Directions (5) 589 Fullerton Free Church Total Spots 800 08/24/2026 - 12/10/2026 Directions (6) Open S8 and S10 are located at the corner of St. College and Yorba Linda.
2026-09-28 19:21:00,Availabile Parking Spaces Your browser does not support JavaScript! Available Parking Spaces Nutwood Structure Total Spots 2484 9/28/2026 12:21:00 PM Directions (1) 156 Levels (1) State College Structure Total Spots 1373 9/28/2026 12:21:00 PM Directions (2) Full Levels (2) Eastside North Total Spots 1880 9/28/2026 12:21:00 PM Directions (3) 66 Levels (3) Eastside South Total Spots 1341 9/28/2026 12:21:00 PM Directions (4) Full Levels (4) S8 and S10 Total Spots 2104 9/28/2026 12:21:00 PM Directions (5) 581 Fullerton Free Church Total Spots 800 08/24/2026 - 12/10/2026 Directions (6) Open S8 and S10 are located at the corner of St. College and Yorba Linda.
2026-09-28 19:39:55,Availabile Parking Spaces Your browser does not support JavaScript! Available Parking Spaces Nutwood Structure Total Spots 2484 9/28/2026 12:40:00 PM Directions (1) Full Levels (1) State College Structure Total Spots 1373 9/28/2026 12:40:00 PM Directions (2) Full Levels (2) Eastside North Total Spots 1880 9/28/2026 12:40:00 PM Directions (3) 42 Levels (3) Eastside South Total Spots 1341 9/28/2026 12:40:00 PM Directions (4) Full Levels (4) S8 and S10 Total Spots 2104 9/28/2026 12:40:00 PM Directions (5) 587 Fullerton Free Church Total Spots 800 08/24/2026 - 12/10/2026 Directions (6) Open S8 and S10 are located at the corner of St. College and Yorba Linda.
2026-09-28 19:52:46,Availabile Parking Spaces Your browser does not support JavaScript! Available Parking Spaces Nutwood Structure Total Spots 2484 9/28/2026 12:53:00 PM Directions (1) 42 Levels (1) State College Structure Total Spots 1373 9/28/2026 12:53:00 PM Directions (2) Full Levels (2) Eastside North Total Spots 1880 9/28/2026 12:53:00 PM Directions (3) 45 Levels (3) Eastside South Total Spots 1341 9/28/2026 12:53:00 PM Directions (4) Full Levels (4) S8 and S10 Total Spots 2104 9/28/2026 12:53:00 PM Directions (5) 577 Fullerton Free Church Total Spots 800 08/24/2026 - 12/10/2026 Directions (6) Open S8 and S10 are located at the corner of St. College and Yorba Linda.
2026-09-28 20:06:03,Availabile Parking Spaces Your browser does not support JavaScript! Available Parking Spaces Nutwood Structure Total Spots 2484 9/28/2026 1:06:00 PM Directions (1) Full Levels (1) State College Structure Total Spots 1373 9/28/2026 1:06:00 PM Directions (2) 49 Levels (2) Eastside North Total Spots 1880 9/28/2026 1:06:00 PM Directions (3) 154 Levels (3) Eastside South Total Spots 1341 9/28/2026 1:06:00 PM Directions (4) 60 Levels (4) S8 and S10 Total Spots 2104 9/28/2026 1:06:00 PM Directions (5) 600 Fullerton Free Church Total Spots 800 08/24/2026 - 12/10/2026 Directions (6) Open S8 and S10 are located at the corner of St. College and Yorba Linda.
2026-09-28 20:21:27,Availabile Parking Spaces Your browser does not support JavaScript! Available Parking Spaces Nutwood Structure Total Spots 2484 9/28/2026 1:21:00 PM Directions (1) 36 Levels (1) State College Structure Total Spots 1373 9/28/2026 1:21:00 PM Directions (2) 61 Levels (2) Eastside North Total Spots 1880 9/28/2026 1:21:00 PM Directions (3) 178 Levels (3) Eastside South Total Spots 1341 9/28/2026 1:21:00 PM Directions (4) 82 Levels (4) S8 and S10 Total Spots 2104 9/28/2026 1:21:00 PM Directions (5) 625 Fullerton Free Church Total Spots 800 08/24/2026 - 12/10/2026 Directions (6) Open S8 and S10 are located at the corner of St. College and Yorba Linda.
2026-09-28 20:40:24,Availabile Parking Spaces Your browser does not support JavaScript! Available Parking Spaces Nutwood Structure Total Spots 2484 9/28/2026 1:40:00 PM Directions (1) 101 Levels (1) State College Structure Total Spots 1373 9/28/2026 1:40:00 PM Directions (2) 73 Levels (2) Eastside North Total Spots 1880 9/28/2026 1:40:00 PM Directions (3) 153 Levels (3) Eastside South Total Spots 1341 9/28/2026 1:40:00 PM Directions (4) 68 Levels (4) S8 and S10 Total Spots 2104 9/28/2026 1:40:00 PM Directions (5) 598 Fullerton Free Church Total Spots 800 08/24/2026 - 12/10/2026 Directions (6) Open S8 and S10 are located at the corner of St. College and Yorba Linda.
2026-09-28 20:58:00,Availabile Parking Spaces Your browser does not support JavaScript! Available Parking Spaces Nutwood Structure Total Spots 2484 9/28/2026 1:58:00 PM Directions (1) 171 Levels (1) State College Structure Total Spots 1373 9/28/2026 1:58:00 PM Directions (2) 108 Levels (2) Eastside North Total Spots 1880 9/28/2026 1:58:00 PM Directions (3) 143 Levels (3) Eastside South Total Spots 1341 9/28/2026 1:58:00 PM Directions (4) 62 Levels (4) S8 and S10 Total Spots 2104 9/28/2026 1:58:00 PM Directions (5) 601 Fullerton Free Church Total Spots 800 08/24/2026 - 12/10/2026 Directions (6) Open S8 and S10 are located at the corner of St. College and Yorba Linda.
2026-09-28 21:12:56,Availabile Parking Spaces Your browser does not support JavaScript! Available Parking Spaces Nutwood Structure Total Spots 2484 9/28/2026 2:13:00 PM Directions (1) 216 Levels (1) State College Structure Total Spots 1373 9/28/2026 2:13:00 PM Directions (2) 133 Levels (2) Eastside North Total Spots 1880 9/28/2026 2:13:00 PM Directions (3) 111 Levels (3) Eastside South Total Spots 1341 9/28/2026 2:13:00 PM Directions (4) 57 Levels (4) S8 and S10 Total Spots 2104 9/28/2026 2:13:00 PM Directions (5) 604 Fullerton Free Church Total Spots 800 08/24/2026 - 12/10/2026 Directions (6) Open S8 and S10 are located at the corner of St. College and Yorba Linda.
2026-09-28 21:29:39,Availabile Parking Spaces Your browser does not support JavaScript! Available Parking Spaces Nutwood Structure Total Spots 2484 9/28/2026 2:30:00 PM Directions (1) 340 Levels (1) State College Structure Total Spots 1373 9/28/2026 2:30:00 PM Directions (2) 211 Levels (2) Eastside North Total Spots 1880 9/28/2026 2:30:00 PM Directions (3) 259 Levels (3) Eastside South Total Spots 1341 9/28/2026 2:30:00 PM Directions (4) 98 Levels (4) S8 and S10 Total Spots 2104 9/28/2026 2:30:00 PM Directions (5) 631 Fullerton Free Church Total Spots 800 08/24/2026 - 12/10/2026 Directions (6) Open S8 and S10 are located at the corner of St. College and Yorba Linda.
2026-09-28 21:42:53,Availabile Parking Spaces Your browser does not support JavaScript! Available Parking Spaces Nutwood Structure Total Spots 2484 9/28/2026 2:43:00 PM Directions (1) 428 Levels (1) State College Structure Total Spots 1373 9/28/2026 2:43:00 PM Directions (2) 222 Levels (2) Eastside North Total Spots 1880 9/28/2026 2:43:00 PM Directions (3) 315 Levels (3) Eastside South Total Spots 1341 9/28/2026 2:43:00 PM Directions (4) 179 Levels (4) S8 and S10 Total Spots 2104 9/28/2026 2:43:00 PM Directions (5) 624 Fullerton Free Church Total Spots 800 08/24/2026 - 12/10/2026 Directions (6) Open S8 and S10 are located at the corner of St. College and Yorba Linda.
2026-09-28 21:55:35,Availabile Parking Spaces Your browser does not support JavaScript! Available Parking Spaces Nutwood Structure Total Spots 2484 9/28/2026 2:56:00 PM Directions (1) 460 Levels (1) State College Structure Total Spots 1373 9/28/2026 2:56:00 PM Directions (2) 226 Levels (2) Eastside North Total Spots 1880 9/28/2026 2:56:00 PM Directions (3) 320 Levels (3) Eastside South Total Spots 1341 9/28/2026 2:56:00 PM Directions (4) 173 Levels (4) S8 and S10 Total Spots 2104 9/28/2026 2:56:00 PM Directions (5) 636 Fullerton Free Church Total Spots 800 08/24/2026 - 12/10/2026 Directions (6) Open S8 and S10 are located at the corner of St. College and Yorba Linda.
2026-09-28 22:07:48,Availabile Parking Spaces Your browser does not support JavaScript! Available Parking Spaces Nutwood Structure Total Spots 2484 9/28/2026 3:08:00 PM Directions (1) 476 Levels (1) State College Structure Total Spots 1373 9/28/2026 3:08:00 PM Directions (2) 239 Levels (2) Eastside North Total Spots 1880 9/28/2026 3:08:00 PM Directions (3) 346 Levels (3) Eastside South Total Spots 1341 9/28/2026 3:08:00 PM Directions (4) 172 Levels (4) S8 and S10 Total Spots 2104 9/28/2026 3:08:00 PM Directions (5) 651 Fullerton Free Church Total Spots 800 08/24/2026 - 12/10/2026 Directions (6) Open S8 and S10 are located at the corner of St. College and Yorba Linda.
2026-09-28 22:22:35,Availabile Parking Spaces Your browser does not support JavaScript! Available Parking Spaces Nutwood Structure Total Spots 2484 9/28/2026 3:22:00 PM Directions (1) Full Levels (1) State College Structure Total Spots 1373 9/28/2026 3:22:00 PM Directions (2) 267 Levels (2) Eastside North Total Spots 1880 9/28/2026 3:22:00 PM Directions (3) 342 Levels (3) Eastside South Total Spots 1341 9/28/2026 3:22:00 PM Directions (4) 144 Levels (4) S8 and S10 Total Spots 2104 9/28/2026 3:22:00 PM Directions (5) 668 Fullerton Free Church Total Spots 800 08/24/2026 - 12/10/2026 Directions (6) Open S8 and S10 are located at the corner of St. College and Yorba Linda.
2026-09-28 22:37:08,Availabile Parking Spaces Your browser does not support JavaScript! Available Parking Spaces Nutwood Structure Total Spots 2484 9/28/2026 3:37:00 PM Directions (1) Full Levels (1) State College Structure Total Spots 1373 9/28/2026 3:37:00 PM Directions (2) 279 Levels (2) Eastside North Total Spots 1880 9/28/2026 3:37:00 PM Directions (3) 321 Levels (3) Eastside South Total Spots 1341 9/28/2026 3:37:00 PM Directions (4) 112 Levels (4) S8 and S10 Total Spots 2104 9/28/2026 3:37:00 PM Directions (5) 651 Fullerton Free Church Total Spots 800 08/24/2026 - 12/10/2026 Directions (6) Open S8 and S10 are located at the corner of St. College and Yorba Linda.
2026-09-28 22:48:26,Availabile Parking Spaces Your browser does not support JavaScript! Available Parking Spaces Nutwood Structure Total Spots 2484 9/28/2026 3:48:00 PM Directions (1) 72 Levels (1) State College Structure Total Spots 1373 9/28/2026 3:48:00 PM Directions (2) 287 Levels (2) Eastside North Total Spots 1880 9/28/2026 3:48:00 PM Directions (3) 313 Levels (3) Eastside South Total Spots 1341 9/28/2026 3:48:00 PM Directions (4) 110 Levels (4) S8 and S10 Total Spots 2104 9/28/2026 3:48:00 PM Directions (5) 668 Fullerton Free Church Total Spots 800 08/24/2026 - 12/10/2026 Directions (6) Open S8 and S10 are located at the corner of St. College and Yorba Linda.
2026-09-28 22:57:57,Availabile Parking Spaces Your browser does not support JavaScript! Available Parking Spaces Nutwood Structure Total Spots 2484 9/28/2026 3:58:00 PM Directions (1) 171 Levels (1) State College Structure Total Spots 1373 9/28/2026 3:58:00 PM Directions (2) 330 Levels (2) Eastside North Total Spots 1880 9/28/2026 3:58:00 PM Directions (3) 386 Levels (3) Eastside South Total Spots 1341 9/28/2026 3:58:00 PM Directions (4) 141 Levels (4) S8 and S10 Total Spots 2104 9/28/2026 3:58:00 PM Directions (5) 695 Fullerton Free Church Total Spots 800 08/24/2026 - 12/10/2026 Directions (6) Open S8 and S10 are located at the corner of St. College and Yorba Linda.
2026-09-28 23:12:05,Availabile Parking Spaces Your browser does not support JavaScript! Available Parking Spaces Nutwood Structure Total Spots 2484 9/28/2026 4:12:00 PM Directions (1) 291 Levels (1) State College Structure Total Spots 1373 9/28/2026 4:12:00 PM Directions (2) 382 Levels (2) Eastside North Total Spots 1880 9/28/2026 4:12:00 PM Directions (3) 483 Levels (3) Eastside South Total Spots 1341 9/28/2026 4:12:00 PM Directions (4) 208 Levels (4) S8 and S10 Total Spots 2104 9/28/2026 4:12:00 PM Directions (5) 736 Fullerton Free Church Total Spots 800 08/24/2026 - 12/10/2026 Directions (6) Open S8 and S10 are located at the corner of St. College and Yorba Linda.
2026-09-28 23:28:55,Availabile Parking Spaces Your browser does not support JavaScript! Available Parking Spaces Nutwood Structure Total Spots 2484 9/28/2026 4:29:00 PM Directions (1) 342 Levels (1) State College Structure Total Spots 1373 9/28/2026 4:29:00 PM Directions (2) 391 Levels (2) Eastside North Total Spots 1880 9/28/2026 4:29:00 PM Directions (3) 498 Levels (3) Eastside South Total Spots 1341 9/28/2026 4:29:00 PM Directions (4) 233 Levels (4) S8 and S10 Total Spots 2104 9/28/2026 4:29:00 PM Directions (5) 767 Fullerton Free Church Total Spots 800 08/24/2026 - 12/10/2026 Directions (6) Open S8 and S10 are located at the corner of St. College and Yorba Linda.
2026-09-28 23:42:13,Availabile Parking Spaces Your browser does not support JavaScript! Available Parking Spaces Nutwood Structure Total Spots 2484 9/28/2026 4:42:00 PM Directions (1) 396 Levels (1) State College Structure Total Spots 1373 9/28/2026 4:42:00 PM Directions (2) 413 Levels (2) Eastside North Total Spots 1880 9/28/2026 4:42:00 PM Directions (3) 514 Levels (3) Eastside South Total Spots 1341 9/28/2026 4:42:00 PM Directions (4) 241 Levels (4) S8 and S10 Total Spots 2104 9/28/2026 4:42:00 PM Directions (5) 720 Fullerton Free Church Total Spots 800 08/24/2026 - 12/10/2026 Directions (6) Open S8 and S10 are located at the corner of St. College and Yorba Linda.
2026-09-28 23:55:17,Availabile Parking Spaces Your browser does not support JavaScript! Available Parking Spaces Nutwood Structure Total Spots 2484 9/28/2026 4:55:00 PM Directions (1) 419 Levels (1) State College Structure Total Spots 1373 9/28/2026 4:55:00 PM Directions (2) 431 Levels (2) Eastside North Total Spots 1880 9/28/2026 4:55:00 PM Directions (3) 529 Levels (3) Eastside South Total Spots 1341 9/28/2026 4:55:00 PM Directions (4) 254 Levels (4) S8 and S10 Total Spots 2104 9/28/2026 4:55:00 PM Directions (5) 741 Fullerton Free Church Total Spots 800 08/24/2026 - 12/10/2026 Directions (6) Open S8 and S10 are located at the corner of St. College and Yorba Linda.
2026-09-29 00:19:52,Availabile Parking Spaces Your browser does not support JavaScript! Available Parking Spaces Nutwood Structure Total Spots 2484 9/28/2026 5:20:00 PM Directions (1) 519 Levels (1) State College Structure Total Spots 1373 9/28/2026 5:20:00 PM Directions (2) 546 Levels (2) Eastside North Total Spots 1880 9/28/2026 5:20:00 PM Directions (3) 571 Levels (3) Eastside South Total Spots 1341 9/28/2026 5:20:00 PM Directions (4) 266 Levels (4) S8 and S10 Total Spots 2104 9/28/2026 5:20:00 PM Directions (5) 768 Fullerton Free Church Total Spots 800 08/24/2026 - 12/10/2026 Directions (6) Open S8 and S10 are located at the corner of St. College and Yorba Linda.
2026-09-29 00:43:22,Availabile Parking Spaces Your browser does not support JavaScript! Available Parking Spaces Nutwood Structure Total Spots 2484 9/28/2026 5:43:00 PM Directions (1) 692 Levels (1) State College Structure Total Spots 1373 9/28/2026 5:43:00 PM Directions (2) 632 Levels (2) Eastside North Total Spots 1880 9/28/2026 5:43:00 PM Directions (3) 704 Levels (3) Eastside South Total Spots 1341 9/28/2026 5:43:00 PM Directions (4) 353 Levels (4) S8 and S10 Total Spots 2104 9/28/2026 5:43:00 PM Directions (5) 775 Fullerton Free Church Total Spots 800 08/24/2026 - 12/10/2026 Directions (6) Open S8 and S10 are located at the corner of St. College and Yorba Linda.
2026-09-29 01:02:07,Availabile Parking Spaces Your browser does not support JavaScript! Available Parking Spaces Nutwood Structure Total Spots 2484 9/28/2026 6:02:00 PM Directions (1) 756 Levels (1) State College Structure Total Spots 1373 9/28/2026 6:02:00 PM Directions (2) 661 Levels (2) Eastside North Total Spots 1880 9/28/2026 6:02:00 PM Directions (3) 720 Levels (3) Eastside South Total Spots 1341 9/28/2026 6:02:00 PM Directions (4) 358 Levels (4) S8 and S10 Total Spots 2104 9/28/2026 6:02:00 PM Directions (5) 797 Fullerton Free Church Total Spots 800 08/24/2026 - 12/10/2026 Directions (6) Open S8 and S10 are located at the corner of St. College and Yorba Linda.
2026-09-29 15:10:19,Availabile Parking Spaces Your browser does not support JavaScript! Available Parking Spaces Nutwood Structure Total Spots 2484 9/29/2026 8:10:00 AM Directions (1) Full Levels (1) State College Structure Total Spots 1373 9/29/2026 8:10:00 AM Directions (2) 853 Levels (2) Eastside North Total Spots 1880 9/29/2026 8:10:00 AM Directions (3) 1453 Levels (3) Eastside South Total Spots 1341 9/29/2026 8:10:00 AM Directions (4) 767 Levels (4) S8 and S10 Total Spots 2104 9/29/2026 8:10:00 AM Directions (5) 794 Fullerton Free Church Total Spots 800 08/24/2026 - 12/10/2026 Directions (6) Open S8 and S10 are located at the corner of St. College and Yorba Linda.
2026-09-29 15:34:28,Availabile Parking Spaces Your browser does not support JavaScript! Available Parking Spaces Nutwood Structure Total Spots 2484 9/29/2026 8:34:00 AM Directions (1) Full Levels (1) State College Structure Total Spots 1373 9/29/2026 8:34:00 AM Directions (2) 613 Levels (2) Eastside North Total Spots 1880 9/29/2026 8:34:00 AM Directions (3) 1069 Levels (3) Eastside South Total Spots 1341 9/29/2026 8:34:00 AM Directions (4) 443 Levels (4) S8 and S10 Total Spots 2104 9/29/2026 8:34:00 AM Directions (5) 795 Fullerton Free Church Total Spots 800 08/24/2026 - 12/10/2026 Directions (6) Open S8 and S10 are located at the corner of St. College and Yorba Linda.
2026-09-29 15:51:29,Availabile Parking Spaces Your browser does not support JavaScript! Available Parking Spaces Nutwood Structure Total Spots 2484 9/29/2026 8:51:00 AM Directions (1) 26 Levels (1) State College Structure Total Spots 1373 9/29/2026 8:51:00 AM Directions (2) 496 Levels (2) Eastside North Total Spots 1880 9/29/2026 8:51:00 AM Directions (3) 906 Levels (3) Eastside South Total Spots 1341 9/29/2026 8:51:00 AM Directions (4) 335 Levels (4) S8 and S10 Total Spots 2104 9/29/2026 8:51:00 AM Directions (5) 754 Fullerton Free Church Total Spots 800 08/24/2026 - 12/10/2026 Directions (6) Open S8 and S10 are located at the corner of St. College and Yorba Linda.
2026-09-29 16:09:08,Availabile Parking Spaces Your browser does not support JavaScript! Available Parking Spaces Nutwood Structure Total Spots 2484 9/29/2026 9:09:00 AM Directions (1) 73 Levels (1) State College Structure Total Spots 1373 9/29/2026 9:09:00 AM Directions (2) 399 Levels (2) Eastside North Total Spots 1880 9/29/2026 9:09:00 AM Directions (3) 737 Levels (3) Eastside South Total Spots 1341 9/29/2026 9:09:00 AM Directions (4) 272 Levels (4) S8 and S10 Total Spots 2104 9/29/2026 9:09:00 AM Directions (5) 721 Fullerton Free Church Total Spots 800 08/24/2026 - 12/10/2026 Directions (6) Open S8 and S10 are located at the corner of St. College and Yorba Linda.
2026-09-29 16:28:22,Availabile Parking Spaces Your browser does not support JavaScript! Available Parking Spaces Nutwood Structure Total Spots 2484 9/29/2026 9:28:00 AM Directions (1) 170 Levels (1) State College Structure Total Spots 1373 9/29/2026 9:28:00 AM Directions (2) 261 Levels (2) Eastside North Total Spots 1880 9/29/2026 9:28:00 AM Directions (3) 506 Levels (3) Eastside South Total Spots 1341 9/29/2026 9:28:00 AM Directions (4) 170 Levels (4) S8 and S10 Total Spots 2104 9/29/2026 9:28:00 AM Directions (5) 672 Fullerton Free Church Total Spots 800 08/24/2026 - 12/10/2026 Directions (6) Open S8 and S10 are located at the corner of St. College and Yorba Linda.
2026-09-29 16:46:07,Availabile Parking Spaces Your browser does not support JavaScript! Available Parking Spaces Nutwood Structure Total Spots 2484 9/29/2026 9:46:00 AM Directions (1) 61 Levels (1) State College Structure Total Spots 1373 9/29/2026 9:46:00 AM Directions (2) 115 Levels (2) Eastside North Total Spots 1880 9/29/2026 9:46:00 AM Directions (3) 314 Levels (3) Eastside South Total Spots 1341 9/29/2026 9:46:00 AM Directions (4) 87 Levels (4) S8 and S10 Total Spots 2104 9/29/2026 9:46:00 AM Directions (5) 689 Fullerton Free Church Total Spots 800 08/24/2026 - 12/10/2026 Directions (6) Open S8 and S10 are located at the corner of St. College and Yorba Linda.
2026-09-29 16:59:02,Availabile Parking Spaces Your browser does not support JavaScript! Available Parking Spaces Nutwood Structure Total Spots 2484 9/29/2026 9:59:00 AM Directions (1) Full Levels (1) State College Structure Total Spots 1373 9/29/2026 9:59:00 AM Directions (2) 59 Levels (2) Eastside North Total Spots 1880 9/29/2026 9:59:00 AM Directions (3) 207 Levels (3) Eastside South Total Spots 1341 9/29/2026 9:59:00 AM Directions (4) 55 Levels (4) S8 and S10 Total Spots 2104 9/29/2026 9:59:00 AM Directions (5) 648 Fullerton Free Church Total Spots 800 08/24/2026 - 12/10/2026 Directions (6) Open S8 and S10 are located at the corner of St. College and Yorba Linda.
2026-09-29 17:13:55,Availabile Parking Spaces Your browser does not support JavaScript! Available Parking Spaces Nutwood Structure Total Spots 2484 9/29/2026 10:14:00 AM Directions (1) 46 Levels (1) State College Structure Total Spots 1373 9/29/2026 10:14:00 AM Directions (2) 22 Levels (2) Eastside North Total Spots 1880 9/29/2026 10:14:00 AM Directions (3) 115 Levels (3) Eastside South Total Spots 1341 9/29/2026 10:14:00 AM Directions (4) 10 Levels (4) S8 and S10 Total Spots 2104 9/29/2026 10:14:00 AM Directions (5) 635 Fullerton Free Church Total Spots 800 08/24/2026 - 12/10/2026 Directions (6) Open S8 and S10 are located at the corner of St. College and Yorba Linda.
2026-09-29 17:31:21,Availabile Parking Spaces Your browser does not support JavaScript! Available Parking Spaces Nutwood Structure Total Spots 2484 9/29/2026 10:31:00 AM Directions (1) 90 Levels (1) State College Structure Total Spots 1373 9/29/2026 10:31:00 AM Directions (2) 22 Levels (2) Eastside North Total Spots 1880 9/29/2026 10:31:00 AM Directions (3) 75 Levels (3) Eastside South Total Spots 1341 9/29/2026 10:31:00 AM Directions (4) Full Levels (4) S8 and S10 Total Spots 2104 9/29/2026 10:31:00 AM Directions (5) 615 Fullerton Free Church Total Spots 800 08/24/2026 - 12/10/2026 Directions (6) Open S8 and S10 are located at the corner of St. College and Yorba Linda.
2026-09-29 17:49:32,Availabile Parking Spaces Your browser does not support JavaScript! Available Parking Spaces Nutwood Structure Total Spots 2484 9/29/2026 10:49:00 AM Directions (1) Full Levels (1) State College Structure Total Spots 1373 9/29/2026 10:49:00 AM Directions (2) Full Levels (2) Eastside North Total Spots 1880 9/29/2026 10:49:00 AM Directions (3) 53 Levels (3) Eastside South Total Spots 1341 9/29/2026 10:49:00 AM Directions (4) Full Levels (4) S8 and S10 Total Spots 2104 9/29/2026 10:49:00 AM Directions (5) 574 Fullerton Free Church Total Spots 800 08/24/2026 - 12/10/2026 Directions (6) Open S8 and S10 are located at the corner of St. College and Yorba Linda.
2026-09-29 18:01:44,Availabile Parking Spaces Your browser does not support JavaScript! Available Parking Spaces Nutwood Structure Total Spots 2484 9/29/2026 11:02:00 AM Directions (1) Full Levels (1) State College Structure Total Spots 1373 9/29/2026 11:02:00 AM Directions (2) 22 Levels (2) Eastside North Total Spots 1880 9/29/2026 11:02:00 AM Directions (3) 29 Levels (3) Eastside South Total Spots 1341 9/29/2026 11:02:00 AM Directions (4) Full Levels (4) S8 and S10 Total Spots 2104 9/29/2026 11:02:00 AM Directions (5) 503 Fullerton Free Church Total Spots 800 08/24/2026 - 12/10/2026 Directions (6) Open S8 and S10 are located at the corner of St. College and Yorba Linda.
2026-09-29 18:26:56,Availabile Parking Spaces Your browser does not support JavaScript! Available Parking Spaces Nutwood Structure Total Spots 2484 9/29/2026 11:27:00 AM Directions (1) 210 Levels (1) State College Structure Total Spots 1373 9/29/2026 11:27:00 AM Directions (2) 21 Levels (2) Eastside North Total Spots 1880 9/29/2026 11:27:00 AM Directions (3) 86 Levels (3) Eastside South Total Spots 1341 9/29/2026 11:27:00 AM Directions (4) Full Levels (4) S8 and S10 Total Spots 2104 9/29/2026 11:27:00 AM Directions (5) 416 Fullerton Free Church Total Spots 800 08/24/2026 - 12/10/2026 Directions (6) Open S8 and S10 are located at the corner of St. College and Yorba Linda.
2026-09-29 18:45:24,Availabile Parking Spaces Your browser does not support JavaScript! Available Parking Spaces Nutwood Structure Total Spots 2484 9/29/2026 11:45:00 AM Directions (1) Full Levels (1) State College Structure Total Spots 1373 9/29/2026 11:45:00 AM Directions (2) 27 Levels (2) Eastside North Total Spots 1880 9/29/2026 11:45:00 AM Directions (3) 137 Levels (3) Eastside South Total Spots 1341 9/29/2026 11:45:00 AM Directions (4) 70 Levels (4) S8 and S10 Total Spots 2104 9/29/2026 11:45:00 AM Directions (5) 516 Fullerton Free Church Total Spots 800 08/24/2026 - 12/10/2026 Directions (6) Open S8 and S10 are located at the corner of St. College and Yorba Linda.
2026-09-29 18:59:23,Availabile Parking Spaces Your browser does not support JavaScript! Available Parking Spaces Nutwood Structure Total Spots 2484 9/29/2026 11:59:00 AM Directions (1) Full Levels (1) State College Structure Total Spots 1373 9/29/2026 11:59:00 AM Directions (2) 47 Levels (2) Eastside North Total Spots 1880 9/29/2026 11:59:00 AM Directions (3) 130 Levels (3) Eastside South Total Spots 1341 9/29/2026 11:59:00 AM Directions (4) 66 Levels (4) S8 and S10 Total Spots 2104 9/29/2026 11:59:00 AM Directions (5) 520 Fullerton Free Church Total Spots 800 08/24/2026 - 12/10/2026 Directions (6) Open S8 and S10 are located at the corner of St. College and Yorba Linda.
2026-09-29 19:16:23,Availabile Parking Spaces Your browser does not support JavaScript! Available Parking Spaces Nutwood Structure Total Spots 2484 9/29/2026 12:16:00 PM Directions (1) Full Levels (1) State College Structure Total Spots 1373 9/29/2026 12:16:00 PM Directions (2) 56 Levels (2) Eastside North Total Spots 1880 9/29/2026 12:16:00 PM Directions (3) 92 Levels (3) Eastside South Total Spots 1341 9/29/2026 12:16:00 PM Directions (4) 53 Levels (4) S8 and S10 Total Spots 2104 9/29/2026 12:16:00 PM Directions (5) 530 Fullerton Free Church Total Spots 800 08/24/2026 - 12/10/2026 Directions (6) Open S8 and S10 are located at the corner of St. College and Yorba Linda.
2026-09-29 19:32:56,Availabile Parking Spaces Your browser does not support JavaScript! Available Parking Spaces Nutwood Structure Total Spots 2484 9/29/2026 12:33:00 PM Directions (1) Full Levels (1) State College Structure Total Spots 1373 9/29/2026 12:33:00 PM Directions (2) 47 Levels (2) Eastside North Total Spots 1880 9/29/2026 12:33:00 PM Directions (3) 58 Levels (3) Eastside South Total Spots 1341 9/29/2026 12:33:00 PM Directions (4) Full Levels (4) S8 and S10 Total Spots 2104 9/29/2026 12:33:00 PM Directions (5) 517 Fullerton Free Church Total Spots 800 08/24/2026 - 12/10/2026 Directions (6) Open S8 and S10 are located at the corner of St. College and Yorba Linda.
2026-09-29 19:49:01,Availabile Parking Spaces Your browser does not support JavaScript! Available Parking Spaces Nutwood Structure Total Spots 2484 9/29/2026 12:49:00 PM Directions (1) 85 Levels (1) State College Structure Total Spots 1373 9/29/2026 12:49:00 PM Directions (2) 44 Levels (2) Eastside North Total Spots 1880 9/29/2026 12:49:00 PM Directions (3) 68 Levels (3) Eastside South Total Spots 1341 9/29/2026 12:49:00 PM Directions (4) Full Levels (4) S8 and S10 Total Spots 2104 9/29/2026 12:49:00 PM Directions (5) 509 Fullerton Free Church Total Spots 800 08/24/2026 - 12/10/2026 Directions (6) Open S8 and S10 are located at the corner of St. College and Yorba Linda.
2026-09-29 19:59:54,Availabile Parking Spaces Your browser does not support JavaScript! Available Parking Spaces Nutwood Structure Total Spots 2484 9/29/2026 1:00:00 PM Directions (1) 180 Levels (1) State College Structure Total Spots 1373 9/29/2026 1:00:00 PM Directions (2) 29 Levels (2) Eastside North Total Spots 1880 9/29/2026 1:00:00 PM Directions (3) 151 Levels (3) Eastside South Total Spots 1341 9/29/2026 1:00:00 PM Directions (4) 23 Levels (4) S8 and S10 Total Spots 2104 9/29/2026 1:00:00 PM Directions (5) 525 Fullerton Free Church Total Spots 800 08/24/2026 - 12/10/2026 Directions (6) Open S8 and S10 are located at the corner of St. College and Yorba Linda.
2026-09-29 20:18:18,Availabile Parking Spaces Your browser does not support JavaScript! Available Parking Spaces Nutwood Structure Total Spots 2484 9/29/2026 1:18:00 PM Directions (1) 305 Levels (1) State College Structure Total Spots 1373 9/29/2026 1:18:00 PM Directions (2) 124 Levels (2) Eastside North Total Spots 1880 9/29/2026 1:18:00 PM Directions (3) 185 Levels (3) Eastside South Total Spots 1341 9/29/2026 1:18:00 PM Directions (4) 75 Levels (4) S8 and S10 Total Spots 2104 9/29/2026 1:18:00 PM Directions (5) 585 Fullerton Free Church Total Spots 800 08/24/2026 - 12/10/2026 Directions (6) Open S8 and S10 are located at the corner of St. College and Yorba Linda.
2026-09-29 20:35:24,Availabile Parking Spaces Your browser does not support JavaScript! Available Parking Spaces Nutwood Structure Total Spots 2484 9/29/2026 1:35:00 PM Directions (1) Full Levels (1) State College Structure Total Spots 1373 9/29/2026 1:35:00 PM Directions (2) 137 Levels (2) Eastside North Total Spots 1880 9/29/2026 1:35:00 PM Directions (3) 219 Levels (3) Eastside South Total Spots 1341 9/29/2026 1:35:00 PM Directions (4) 80 Levels (4) S8 and S10 Total Spots 2104 9/29/2026 1:35:00 PM Directions (5) 527 Fullerton Free Church Total Spots 800 08/24/2026 - 12/10/2026 Directions (6) Open S8 and S10 are located at the corner of St. College and Yorba Linda.
2026-09-29 20:49:28,Availabile Parking Spaces Your browser does not support JavaScript! Available Parking Spaces Nutwood Structure Total Spots 2484 9/29/2026 1:49:00 PM Directions (1) Full Levels (1) State College Structure Total Spots 1373 9/29/2026 1:49:00 PM Directions (2) 141 Levels (2) Eastside North Total Spots 1880 9/29/2026 1:49:00 PM Directions (3) 194 Levels (3) Eastside South Total Spots 1341 9/29/2026 1:49:00 PM Directions (4) 62 Levels (4) S8 and S10 Total Spots 2104 9/29/2026 1:49:00 PM Directions (5) 530 Fullerton Free Church Total Spots 800 08/24/2026 - 12/10/2026 Directions (6) Open S8 and S10 are located at the corner of St. College and Yorba Linda.
2026-09-29 20:59:28,Availabile Parking Spaces Your browser does not support JavaScript! Available Parking Spaces Nutwood Structure Total Spots 2484 9/29/2026 1:59:00 PM Directions (1) 45 Levels (1) State College Structure Total Spots 1373 9/29/2026 1:59:00 PM Directions (2) 139 Levels (2) Eastside North Total Spots 1880 9/29/2026 1:59:00 PM Directions (3) 149 Levels (3) Eastside South Total Spots 1341 9/29/2026 1:59:00 PM Directions (4) 45 Levels (4) S8 and S10 Total Spots 2104 9/29/2026 1:59:00 PM Directions (5) 530 Fullerton Free Church Total Spots 800 08/24/2026 - 12/10/2026 Directions (6) Open S8 and S10 are located at the corner of St. College and Yorba Linda.
2026-09-29 21:15:40,Availabile Parking Spaces Your browser does not support JavaScript! Available Parking Spaces Nutwood Structure Total Spots 2484 9/29/2026 2:16:00 PM Directions (1) 96 Levels (1) State College Structure Total Spots 1373 9/29/2026 2:16:00 PM Directions (2) 150 Levels (2) Eastside North Total Spots 1880 9/29/2026 2:16:00 PM Directions (3) 130 Levels (3) Eastside South Total Spots 1341 9/29/2026 2:16:00 PM Directions (4) 23 Levels (4) S8 and S10 Total Spots 2104 9/29/2026 2:16:00 PM Directions (5) 537 Fullerton Free Church Total Spots 800 08/24/2026 - 12/10/2026 Directions (6) Open S8 and S10 are located at the corner of St. College and Yorba Linda.
2026-09-29 21:31:07,Availabile Parking Spaces Your browser does not support JavaScript! Available Parking Spaces Nutwood Structure Total Spots 2484 9/29/2026 2:31:00 PM Directions (1) 110 Levels (1) State College Structure Total Spots 1373 9/29/2026 2:31:00 PM Directions (2) 199 Levels (2) Eastside North Total Spots 1880 9/29/2026 2:31:00 PM Directions (3) 208 Levels (3) Eastside South Total Spots 1341 9/29/2026 2:31:00 PM Directions (4) 83 Levels (4) S8 and S10 Total Spots 2104 9/29/2026 2:31:00 PM Directions (5) 563 Fullerton Free Church Total Spots 800 08/24/2026 - 12/10/2026 Directions (6) Open S8 and S10 are located at the corner of St. College and Yorba Linda.
2026-09-29 21:48:11,Availabile Parking Spaces Your browser does not support JavaScript! Available Parking Spaces Nutwood Structure Total Spots 2484 9/29/2026 2:48:00 PM Directions (1) Full Levels (1) State College Structure Total Spots 1373 9/29/2026 2:48:00 PM Directions (2) 232 Levels (2) Eastside North Total Spots 1880 9/29/2026 2:48:00 PM Directions (3) 221 Levels (3) Eastside South Total Spots 1341 9/29/2026 2:48:00 PM Directions (4) 181 Levels (4) S8 and S10 Total Spots 2104 9/29/2026 2:48:00 PM Directions (5) 564 Fullerton Free Church Total Spots 800 08/24/2026 - 12/10/2026 Directions (6) Open S8 and S10 are located at the corner of St. College and Yorba Linda.
2026-09-29 21:58:00,Availabile Parking Spaces Your browser does not support JavaScript! Available Parking Spaces Nutwood Structure Total Spots 2484 9/29/2026 2:58:00 PM Directions (1) Full Levels (1) State College Structure Total Spots 1373 9/29/2026 2:58:00 PM Directions (2) 234 Levels (2) Eastside North Total Spots 1880 9/29/2026 2:58:00 PM Directions (3) 220 Levels (3) Eastside South Total Spots 1341 9/29/2026 2:58:00 PM Directions (4) 170 Levels (4) S8 and S10 Total Spots 2104 9/29/2026 2:58:00 PM Directions (5) 570 Fullerton Free Church Total Spots 800 08/24/2026 - 12/10/2026 Directions (6) Open S8 and S10 are located at the corner of St. College and Yorba Linda.
2026-09-29 22:12:40,Availabile Parking Spaces Your browser does not support JavaScript! Available Parking Spaces Nutwood Structure Total Spots 2484 9/29/2026 3:13:00 PM Directions (1) 66 Levels (1) State College Structure Total Spots 1373 9/29/2026 3:13:00 PM Directions (2) 271 Levels (2) Eastside North Total Spots 1880 9/29/2026 3:13:00 PM Directions (3) 252 Levels (3) Eastside South Total Spots 1341 9/29/2026 3:13:00 PM Directions (4) 172 Levels (4) S8 and S10 Total Spots 2104 9/29/2026 3:13:00 PM Directions (5) 588 Fullerton Free Church Total Spots 800 08/24/2026 - 12/10/2026 Directions (6) Open S8 and S10 are located at the corner of St. College and Yorba Linda.
2026-09-29 22:30:23,Availabile Parking Spaces Your browser does not support JavaScript! Available Parking Spaces Nutwood Structure Total Spots 2484 9/29/2026 3:30:00 PM Directions (1) 126 Levels (1) State College Structure Total Spots 1373 9/29/2026 3:30:00 PM Directions (2) 275 Levels (2) Eastside North Total Spots 1880 9/29/2026 3:30:00 PM Directions (3) 226 Levels (3) Eastside South Total Spots 1341 9/29/2026 3:30:00 PM Directions (4) 136 Levels (4) S8 and S10 Total Spots 2104 9/29/2026 3:30:00 PM Directions (5) 594 Fullerton Free Church Total Spots 800 08/24/2026 - 12/10/2026 Directions (6) Open S8 and S10 are located at the corner of St. College and Yorba Linda.
2026-09-29 22:47:23,Availabile Parking Spaces Your browser does not support JavaScript! Available Parking Spaces Nutwood Structure Total Spots 2484 9/29/2026 3:47:00 PM Directions (1) 191 Levels (1) State College Structure Total Spots 1373 9/29/2026 3:47:00 PM Directions (2) 263 Levels (2) Eastside North Total Spots 1880 9/29/2026 3:47:00 PM Directions (3) 244 Levels (3) Eastside South Total Spots 1341 9/29/2026 3:47:00 PM Directions (4) 108 Levels (4) S8 and S10 Total Spots 2104 9/29/2026 3:47:00 PM Directions (5) 589 Fullerton Free Church Total Spots 800 08/24/2026 - 12/10/2026 Directions (6) Open S8 and S10 are located at the corner of St. College and Yorba Linda.
2026-09-29 22:56:32,Availabile Parking Spaces Your browser does not support JavaScript! Available Parking Spaces Nutwood Structure Total Spots 2484 9/29/2026 3:57:00 PM Directions (1) 272 Levels (1) State College Structure Total Spots 1373 9/29/2026 3:57:00 PM Directions (2) 325 Levels (2) Eastside North Total Spots 1880 9/29/2026 3:57:00 PM Directions (3) 333 Levels (3) Eastside South Total Spots 1341 9/29/2026 3:57:00 PM Directions (4) 143 Levels (4) S8 and S10 Total Spots 2104 9/29/2026 3:57:00 PM Directions (5) 610 Fullerton Free Church Total Spots 800 08/24/2026 - 12/10/2026 Directions (6) Open S8 and S10 are located at the corner of St. College and Yorba Linda.
2026-09-29 23:09:01,Availabile Parking Spaces Your browser does not support JavaScript! Available Parking Spaces Nutwood Structure Total Spots 2484 9/29/2026 4:09:00 PM Directions (1) 349 Levels (1) State College Structure Total Spots 1373 9/29/2026 4:09:00 PM Directions (2) 402 Levels (2) Eastside North Total Spots 1880 9/29/2026 4:09:00 PM Directions (3) 474 Levels (3) Eastside South Total Spots 1341 9/29/2026 4:09:00 PM Directions (4) 210 Levels (4) S8 and S10 Total Spots 2104 9/29/2026 4:09:00 PM Directions (5) 652 Fullerton Free Church Total Spots 800 08/24/2026 - 12/10/2026 Directions (6) Open S8 and S10 are located at the corner of St. College and Yorba Linda.
2026-09-29 23:22:55,Availabile Parking Spaces Your browser does not support JavaScript! Available Parking Spaces Nutwood Structure Total Spots 2484 9/29/2026 4:23:00 PM Directions (1) 522 Levels (1) State College Structure Total Spots 1373 9/29/2026 4:23:00 PM Directions (2) 432 Levels (2) Eastside North Total Spots 1880 9/29/2026 4:23:00 PM Directions (3) 481 Levels (3) Eastside South Total Spots 1341 9/29/2026 4:23:00 PM Directions (4) 243 Levels (4) S8 and S10 Total Spots 2104 9/29/2026 4:23:00 PM Directions (5) 691 Fullerton Free Church Total Spots 800 08/24/2026 - 12/10/2026 Directions (6) Open S8 and S10 are located at the corner of St. College and Yorba Linda.
2026-09-29 23:37:02,Availabile Parking Spaces Your browser does not support JavaScript! Available Parking Spaces Nutwood Structure Total Spots 2484 9/29/2026 4:37:00 PM Directions (1) 556 Levels (1) State College Structure Total Spots 1373 9/29/2026 4:37:00 PM Directions (2) 451 Levels (2) Eastside North Total Spots 1880 9/29/2026 4:37:00 PM Directions (3) 493 Levels (3) Eastside South Total Spots 1341 9/29/2026 4:37:00 PM Directions (4) 234 Levels (4) S8 and S10 Total Spots 2104 9/29/2026 4:37:00 PM Directions (5) 631 Fullerton Free Church Total Spots 800 08/24/2026 - 12/10/2026 Directions (6) Open S8 and S10 are located at the corner of St. College and Yorba Linda.
2026-09-29 23:47:48,Availabile Parking Spaces Your browser does not support JavaScript! Available Parking Spaces Nutwood Structure Total Spots 2484 9/29/2026 4:48:00 PM Directions (1) 573 Levels (1) State College Structure Total Spots 1373 9/29/2026 4:48:00 PM Directions (2) 462 Levels (2) Eastside North Total Spots 1880 9/29/2026 4:48:00 PM Directions (3) 498 Levels (3) Eastside South Total Spots 1341 9/29/2026 4:48:00 PM Directions (4) 220 Levels (4) S8 and S10 Total Spots 2104 9/29/2026 4:48:00 PM Directions (5) 649 Fullerton Free Church Total Spots 800 08/24/2026 - 12/10/2026 Directions (6) Open S8 and S10 are located at the corner of St. College and Yorba Linda.
2026-09-29 23:56:47,Availabile Parking Spaces Your browser does not support JavaScript! Available Parking Spaces Nutwood Structure Total Spots 2484 9/29/2026 4:57:00 PM Directions (1) 587 Levels (1) State College Structure Total Spots 1373 9/29/2026 4:57:00 PM Directions (2) 462 Levels (2) Eastside North Total Spots 1880 9/29/2026 4:57:00 PM Directions (3) 504 Levels (3) Eastside South Total Spots 1341 9/29/2026 4:57:00 PM Directions (4) 221 Levels (4) S8 and S10 Total Spots 2104 9/29/2026 4:57:00 PM Directions (5) 664 Fullerton Free Church Total Spots 800 08/24/2026 - 12/10/2026 Directions (6) Open S8 and S10 are located at the corner of St. College and Yorba Linda.
2026-09-30 00:20:48,Availabile Parking Spaces Your browser does not support JavaScript! Available Parking Spaces Nutwood Structure Total Spots 2484 9/29/2026 5:21:00 PM Directions (1) 713 Levels (1) State College Structure Total Spots 1373 9/29/2026 5:21:00 PM Directions (2) 527 Levels (2) Eastside North Total Spots 1880 9/29/2026 5:21:00 PM Directions (3) 553 Levels (3) Eastside South Total Spots 1341 9/29/2026 5:21:00 PM Directions (4) 244 Levels (4) S8 and S10 Total Spots 2104 9/29/2026 5:21:00 PM Directions (5) 696 Fullerton Free Church Total Spots 800 08/24/2026 - 12/10/2026 Directions (6) Open S8 and S10 are located at the corner of St. College and Yorba Linda.
2026-09-30 00:50:07,Availabile Parking Spaces Your browser does not support JavaScript! Available Parking Spaces Nutwood Structure Total Spots 2484 9/29/2026 5:50:00 PM Directions (1) 917 Levels (1) State College Structure Total Spots 1373 9/29/2026 5:50:00 PM Directions (2) 604 Levels (2) Eastside North Total Spots 1880 9/29/2026 5:50:00 PM Directions (3) 733 Levels (3) Eastside South Total Spots 1341 9/29/2026 5:50:00 PM Directions (4) 345 Levels (4) S8 and S10 Total Spots 2104 9/29/2026 5:50:00 PM Directions (5) 692 Fullerton Free Church Total Spots 800 08/24/2026 - 12/10/2026 Directions (6) Open S8 and S10 are located at the corner of St. College and Yorba Linda.
2026-09-30 01:06:15,Availabile Parking Spaces Your browser does not support JavaScript! Available Parking Spaces Nutwood Structure Total Spots 2484 9/29/2026 6:06:00 PM Directions (1) 967 Levels (1) State College Structure Total Spots 1373 9/29/2026 6:06:00 PM Directions (2) 605 Levels (2) Eastside North Total Spots 1880 9/29/2026 6:06:00 PM Directions (3) 784 Levels (3) Eastside South Total Spots 1341 9/29/2026 6:06:00 PM Directions (4) 366 Levels (4) S8 and S10 Total Spots 2104 9/29/2026 6:06:00 PM Directions (5) 718 Fullerton Free Church Total Spots 800 08/24/2026 - 12/10/2026 Directions (6) Open S8 and S10 are located at the corner of St. College and Yorba Linda.
2026-09-30 15:11:38,Availabile Parking Spaces Your browser does not support JavaScript! Available Parking Spaces Nutwood Structure Total Spots 2484 9/30/2026 8:12:00 AM Directions (1) 1543 Levels (1) State College Structure Total Spots 1373 9/30/2026 8:12:00 AM Directions (2) 799 Levels (2) Eastside North Total Spots 1880 9/30/2026 8:12:00 AM Directions (3) 1336 Levels (3) Eastside South Total Spots 1341 9/30/2026 8:12:00 AM Directions (4) 733 Levels (4) S8 and S10 Total Spots 2104 9/30/2026 8:12:00 AM Directions (5) 750 Fullerton Free Church Total Spots 800 08/24/2026 - 12/10/2026 Directions (6) Open S8 and S10 are located at the corner of St. College and Yorba Linda.
2026-09-30 15:35:50,Availabile Parking Spaces Your browser does not support JavaScript! Available Parking Spaces Nutwood Structure Total Spots 2484 9/30/2026 8:36:00 AM Directions (1) 1493 Levels (1) State College Structure Total Spots 1373 9/30/2026 8:36:00 AM Directions (2) 611 Levels (2) Eastside North Total Spots 1880 9/30/2026 8:36:00 AM Directions (3) 935 Levels (3) Eastside South Total Spots 1341 9/30/2026 8:36:00 AM Directions (4) 450 Levels (4) S8 and S10 Total Spots 2104 9/30/2026 8:36:00 AM Directions (5) 759 Fullerton Free Church Total Spots 800 08/24/2026 - 12/10/2026 Directions (6) Open S8 and S10 are located at the corner of St. College and Yorba Linda.
2026-09-30 15:52:33,Availabile Parking Spaces Your browser does not support JavaScript! Available Parking Spaces Nutwood Structure Total Spots 2484 9/30/2026 8:52:00 AM Directions (1) Full Levels (1) State College Structure Total Spots 1373 9/30/2026 8:52:00 AM Directions (2) 477 Levels (2) Eastside North Total Spots 1880 9/30/2026 8:52:00 AM Directions (3) 780 Levels (3) Eastside South Total Spots 1341 9/30/2026 8:52:00 AM Directions (4) 329 Levels (4) S8 and S10 Total Spots 2104 9/30/2026 8:52:00 AM Directions (5) 741 Fullerton Free Church Total Spots 800 08/24/2026 - 12/10/2026 Directions (6) Open S8 and S10 are located at the corner of St. College and Yorba Linda.
2026-09-30 16:09:55,Availabile Parking Spaces Your browser does not support JavaScript! Available Parking Spaces Nutwood Structure Total Spots 2484 9/30/2026 9:10:00 AM Directions (1) 114 Levels (1) State College Structure Total Spots 1373 9/30/2026 9:10:00 AM Directions (2) 366 Levels (2) Eastside North Total Spots 1880 9/30/2026 9:10:00 AM Directions (3) 644 Levels (3) Eastside South Total Spots 1341 9/30/2026 9:10:00 AM Directions (4) 268 Levels (4) S8 and S10 Total Spots 2104 9/30/2026 9:10:00 AM Directions (5) 717 Fullerton Free Church Total Spots 800 08/24/2026 - 12/10/2026 Directions (6) Open S8 and S10 are located at the corner of St. College and Yorba Linda.
2026-09-30 16:30:16,Availabile Parking Spaces Your browser does not support JavaScript! Available Parking Spaces Nutwood Structure Total Spots 2484 9/30/2026 9:30:00 AM Directions (1) 211 Levels (1) State College Structure Total Spots 1373 9/30/2026 9:30:00 AM Directions (2) 253 Levels (2) Eastside North Total Spots 1880 9/30/2026 9:30:00 AM Directions (3) 481 Levels (3) Eastside South Total Spots 1341 9/30/2026 9:30:00 AM Directions (4) 199 Levels (4) S8 and S10 Total Spots 2104 9/30/2026 9:30:00 AM Directions (5) 674 Fullerton Free Church Total Spots 800 08/24/2026 - 12/10/2026 Directions (6) Open S8 and S10 are located at the corner of St. College and Yorba Linda.
2026-09-30 16:50:25,Availabile Parking Spaces Your browser does not support JavaScript! Available Parking Spaces Nutwood Structure Total Spots 2484 9/30/2026 9:50:00 AM Directions (1) 70 Levels (1) State College Structure Total Spots 1373 9/30/2026 9:50:00 AM Directions (2) 93 Levels (2) Eastside North Total Spots 1880 9/30/2026 9:50:00 AM Directions (3) 290 Levels (3) Eastside South Total Spots 1341 9/30/2026 9:50:00 AM Directions (4) 117 Levels (4) S8 and S10 Total Spots 2104 9/30/2026 9:50:00 AM Directions (5) 641 Fullerton Free Church Total Spots 800 08/24/2026 - 12/10/2026 Directions (6) Open S8 and S10 are located at the corner of St. College and Yorba Linda.
2026-09-30 17:08:00,Availabile Parking Spaces Your browser does not support JavaScript! Available Parking Spaces Nutwood Structure Total Spots 2484 9/30/2026 10:08:00 AM Directions (1) 173 Levels (1) State College Structure Total Spots 1373 9/30/2026 10:08:00 AM Directions (2) 37 Levels (2) Eastside North Total Spots 1880 9/30/2026 10:08:00 AM Directions (3) 198 Levels (3) Eastside South Total Spots 1341 9/30/2026 10:08:00 AM Directions (4) 83 Levels (4) S8 and S10 Total Spots 2104 9/30/2026 10:08:00 AM Directions (5) 593 Fullerton Free Church Total Spots 800 08/24/2026 - 12/10/2026 Directions (6) Open S8 and S10 are located at the corner of St. College and Yorba Linda.
2026-09-30 17:25:21,Availabile Parking Spaces Your browser does not support JavaScript! Available Parking Spaces Nutwood Structure Total Spots 2484 9/30/2026 10:25:00 AM Directions (1) Full Levels (1) State College Structure Total Spots 1373 9/30/2026 10:25:00 AM Directions (2) Full Levels (2) Eastside North Total Spots 1880 9/30/2026 10:25:00 AM Directions (3) 122 Levels (3) Eastside South Total Spots 1341 9/30/2026 10:25:00 AM Directions (4) 64 Levels (4) S8 and S10 Total Spots 2104 9/30/2026 10:25:00 AM Directions (5) 557 Fullerton Free Church Total Spots 800 08/24/2026 - 12/10/2026 Directions (6) Open S8 and S10 are located at the corner of St. College and Yorba Linda.
2026-09-30 17:40:18,Availabile Parking Spaces Your browser does not support JavaScript! Available Parking Spaces Nutwood Structure Total Spots 2484 9/30/2026 10:40:00 AM Directions (1) Full Levels (1) State College Structure Total Spots 1373 9/30/2026 10:40:00 AM Directions (2) Full Levels (2) Eastside North Total Spots 1880 9/30/2026 10:40:00 AM Directions (3) 83 Levels (3) Eastside South Total Spots 1341 9/30/2026 10:40:00 AM Directions (4) 42 Levels (4) S8 and S10 Total Spots 2104 9/30/2026 10:40:00 AM Directions (5) 574 Fullerton Free Church Total Spots 800 08/24/2026 - 12/10/2026 Directions (6) Open S8 and S10 are located at the corner of St. College and Yorba Linda.
2026-09-30 17:53:24,Availabile Parking Spaces Your browser does not support JavaScript! Available Parking Spaces Nutwood Structure Total Spots 2484 9/30/2026 10:53:00 AM Directions (1) 44 Levels (1) State College Structure Total Spots 1373 9/30/2026 10:53:00 AM Directions (2) Full Levels (2) Eastside North Total Spots 1880 9/30/2026 10:53:00 AM Directions (3) 66 Levels (3) Eastside South Total Spots 1341 9/30/2026 10:53:00 AM Directions (4) 15 Levels (4) S8 and S10 Total Spots 2104 9/30/2026 10:53:00 AM Directions (5) 536 Fullerton Free Church Total Spots 800 08/24/2026 - 12/10/2026 Directions (6) Open S8 and S10 are located at the corner of St. College and Yorba Linda.
2026-09-30 18:08:52,Availabile Parking Spaces Your browser does not support JavaScript! Available Parking Spaces Nutwood Structure Total Spots 2484 9/30/2026 11:09:00 AM Directions (1) Full Levels (1) State College Structure Total Spots 1373 9/30/2026 11:09:00 AM Directions (2) Full Levels (2) Eastside North Total Spots 1880 9/30/2026 11:09:00 AM Directions (3) 21 Levels (3) Eastside South Total Spots 1341 9/30/2026 11:09:00 AM Directions (4) Full Levels (4) S8 and S10 Total Spots 2104 9/30/2026 11:09:00 AM Directions (5) 496 Fullerton Free Church Total Spots 800 08/24/2026 - 12/10/2026 Directions (6) Open S8 and S10 are located at the corner of St. College and Yorba Linda.
2026-09-30 18:28:20,Availabile Parking Spaces Your browser does not support JavaScript! Available Parking Spaces Nutwood Structure Total Spots 2484 9/30/2026 11:28:00 AM Directions (1) Full Levels (1) State College Structure Total Spots 1373 9/30/2026 11:28:00 AM Directions (2) Full Levels (2) Eastside North Total Spots 1880 9/30/2026 11:28:00 AM Directions (3) 28 Levels (3) Eastside South Total Spots 1341 9/30/2026 11:28:00 AM Directions (4) 20 Levels (4) S8 and S10 Total Spots 2104 9/30/2026 11:28:00 AM Directions (5) 450 Fullerton Free Church Total Spots 800 08/24/2026 - 12/10/2026 Directions (6) Open S8 and S10 are located at the corner of St. College and Yorba Linda.
2026-09-30 18:47:32,Availabile Parking Spaces Your browser does not support JavaScript! Available Parking Spaces Nutwood Structure Total Spots 2484 9/30/2026 11:47:00 AM Directions (1) Full Levels (1) State College Structure Total Spots 1373 9/30/2026 11:47:00 AM Directions (2) Full Levels (2) Eastside North Total Spots 1880 9/30/2026 11:47:00 AM Directions (3) 78 Levels (3) Eastside South Total Spots 1341 9/30/2026 11:47:00 AM Directions (4) 28 Levels (4) S8 and S10 Total Spots 2104 9/30/2026 11:47:00 AM Directions (5) 514 Fullerton Free Church Total Spots 800 08/24/2026 - 12/10/2026 Directions (6) Open S8 and S10 are located at the corner of St. College and Yorba Linda.
2026-09-30 19:02:18,Availabile Parking Spaces Your browser does not support JavaScript! Available Parking Spaces Nutwood Structure Total Spots 2484 9/30/2026 12:02:00 PM Directions (1) Full Levels (1) State College Structure Total Spots 1373 9/30/2026 12:02:00 PM Directions (2) 22 Levels (2) Eastside North Total Spots 1880 9/30/2026 12:02:00 PM Directions (3) 58 Levels (3) Eastside South Total Spots 1341 9/30/2026 12:02:00 PM Directions (4) 28 Levels (4) S8 and S10 Total Spots 2104 9/30/2026 12:02:00 PM Directions (5) 534 Fullerton Free Church Total Spots 800 08/24/2026 - 12/10/2026 Directions (6) Open S8 and S10 are located at the corner of St. College and Yorba Linda.
2026-09-30 19:23:18,Availabile Parking Spaces Your browser does not support JavaScript! Available Parking Spaces Nutwood Structure Total Spots 2484 9/30/2026 12:23:00 PM Directions (1) 71 Levels (1) State College Structure Total Spots 1373 9/30/2026 12:23:00 PM Directions (2) Full Levels (2) Eastside North Total Spots 1880 9/30/2026 12:23:00 PM Directions (3) 63 Levels (3) Eastside South Total Spots 1341 9/30/2026 12:23:00 PM Directions (4) 12 Levels (4) S8 and S10 Total Spots 2104 9/30/2026 12:23:00 PM Directions (5) 536 Fullerton Free Church Total Spots 800 08/24/2026 - 12/10/2026 Directions (6) Open S8 and S10 are located at the corner of St. College and Yorba Linda.
2026-09-30 19:38:34,Availabile Parking Spaces Your browser does not support JavaScript! Available Parking Spaces Nutwood Structure Total Spots 2484 9/30/2026 12:39:00 PM Directions (1) 118 Levels (1) State College Structure Total Spots 1373 9/30/2026 12:39:00 PM Directions (2) Full Levels (2) Eastside North Total Spots 1880 9/30/2026 12:39:00 PM Directions (3) 38 Levels (3) Eastside South Total Spots 1341 9/30/2026 12:39:00 PM Directions (4) Full Levels (4) S8 and S10 Total Spots 2104 9/30/2026 12:39:00 PM Directions (5) 518 Fullerton Free Church Total Spots 800 08/24/2026 - 12/10/2026 Directions (6) Open S8 and S10 are located at the corner of St. College and Yorba Linda.
2026-09-30 19:51:11,Availabile Parking Spaces Your browser does not support JavaScript! Available Parking Spaces Nutwood Structure Total Spots 2484 9/30/2026 12:51:00 PM Directions (1) 173 Levels (1) State College Structure Total Spots 1373 9/30/2026 12:51:00 PM Directions (2) Full Levels (2) Eastside North Total Spots 1880 9/30/2026 12:51:00 PM Directions (3) 44 Levels (3) Eastside South Total Spots 1341 9/30/2026 12:51:00 PM Directions (4) 17 Levels (4) S8 and S10 Total Spots 2104 9/30/2026 12:51:00 PM Directions (5) 518 Fullerton Free Church Total Spots 800 08/24/2026 - 12/10/2026 Directions (6) Open S8 and S10 are located at the corner of St. College and Yorba Linda.
2026-09-30 20:08:02,Availabile Parking Spaces Your browser does not support JavaScript! Available Parking Spaces Nutwood Structure Total Spots 2484 9/30/2026 1:08:00 PM Directions (1) 24 Levels (1) State College Structure Total Spots 1373 9/30/2026 1:08:00 PM Directions (2) 77 Levels (2) Eastside North Total Spots 1880 9/30/2026 1:08:00 PM Directions (3) 130 Levels (3) Eastside South Total Spots 1341 9/30/2026 1:08:00 PM Directions (4) 122 Levels (4) S8 and S10 Total Spots 2104 9/30/2026 1:08:00 PM Directions (5) 549 Fullerton Free Church Total Spots 800 08/24/2026 - 12/10/2026 Directions (6) Open S8 and S10 are located at the corner of St. College and Yorba Linda.
2026-09-30 20:24:58,Availabile Parking Spaces Your browser does not support JavaScript! Available Parking Spaces Nutwood Structure Total Spots 2484 9/30/2026 1:25:00 PM Directions (1) 61 Levels (1) State College Structure Total Spots 1373 9/30/2026 1:25:00 PM Directions (2) 79 Levels (2) Eastside North Total Spots 1880 9/30/2026 1:25:00 PM Directions (3) 155 Levels (3) Eastside South Total Spots 1341 9/30/2026 1:25:00 PM Directions (4) 156 Levels (4) S8 and S10 Total Spots 2104 9/30/2026 1:25:00 PM Directions (5) 569 Fullerton Free Church Total Spots 800 08/24/2026 - 12/10/2026 Directions (6) Open S8 and S10 are located at the corner of St. College and Yorba Linda.
2026-09-30 20:39:25,Availabile Parking Spaces Your browser does not support JavaScript! Available Parking Spaces Nutwood Structure Total Spots 2484 9/30/2026 1:39:00 PM Directions (1) 122 Levels (1) State College Structure Total Spots 1373 9/30/2026 1:39:00 PM Directions (2) 116 Levels (2) Eastside North Total Spots 1880 9/30/2026 1:39:00 PM Directions (3) 140 Levels (3) Eastside South Total Spots 1341 9/30/2026 1:39:00 PM Directions (4) 141 Levels (4) S8 and S10 Total Spots 2104 9/30/2026 1:39:00 PM Directions (5) 538 Fullerton Free Church Total Spots 800 08/24/2026 - 12/10/2026 Directions (6) Open S8 and S10 are located at the corner of St. College and Yorba Linda.
2026-09-30 20:52:08,Availabile Parking Spaces Your browser does not support JavaScript! Available Parking Spaces Nutwood Structure Total Spots 2484 9/30/2026 1:52:00 PM Directions (1) Full Levels (1) State College Structure Total Spots 1373 9/30/2026 1:52:00 PM Directions (2) 108 Levels (2) Eastside North Total Spots 1880 9/30/2026 1:52:00 PM Directions (3) 146 Levels (3) Eastside South Total Spots 1341 9/30/2026 1:52:00 PM Directions (4) 130 Levels (4) S8 and S10 Total Spots 2104 9/30/2026 1:52:00 PM Directions (5) 545 Fullerton Free Church Total Spots 800 08/24/2026 - 12/10/2026 Directions (6) Open S8 and S10 are located at the corner of St. College and Yorba Linda.
2026-09-30 21:07:11,Availabile Parking Spaces Your browser does not support JavaScript! Available Parking Spaces Nutwood Structure Total Spots 2484 9/30/2026 2:07:00 PM Directions (1) 21 Levels (1) State College Structure Total Spots 1373 9/30/2026 2:07:00 PM Directions (2) 103 Levels (2) Eastside North Total Spots 1880 9/30/2026 2:07:00 PM Directions (3) 147 Levels (3) Eastside South Total Spots 1341 9/30/2026 2:07:00 PM Directions (4) 98 Levels (4) S8 and S10 Total Spots 2104 9/30/2026 2:07:00 PM Directions (5) 548 Fullerton Free Church Total Spots 800 08/24/2026 - 12/10/2026 Directions (6) Open S8 and S10 are located at the corner of St. College and Yorba Linda.
2026-09-30 21:24:45,Availabile Parking Spaces Your browser does not support JavaScript! Available Parking Spaces Nutwood Structure Total Spots 2484 9/30/2026 2:25:00 PM Directions (1) Full Levels (1) State College Structure Total Spots 1373 9/30/2026 2:25:00 PM Directions (2) 123 Levels (2) Eastside North Total Spots 1880 9/30/2026 2:25:00 PM Directions (3) 191 Levels (3) Eastside South Total Spots 1341 9/30/2026 2:25:00 PM Directions (4) 121 Levels (4) S8 and S10 Total Spots 2104 9/30/2026 2:25:00 PM Directions (5) 567 Fullerton Free Church Total Spots 800 08/24/2026 - 12/10/2026 Directions (6) Open S8 and S10 are located at the corner of St. College and Yorba Linda.
2026-09-30 21:41:19,Availabile Parking Spaces Your browser does not support JavaScript! Available Parking Spaces Nutwood Structure Total Spots 2484 9/30/2026 2:41:00 PM Directions (1) 132 Levels (1) State College Structure Total Spots 1373 9/30/2026 2:41:00 PM Directions (2) 189 Levels (2) Eastside North Total Spots 1880 9/30/2026 2:41:00 PM Directions (3) 300 Levels (3) Eastside South Total Spots 1341 9/30/2026 2:41:00 PM Directions (4) 179 Levels (4) S8 and S10 Total Spots 2104 9/30/2026 2:41:00 PM Directions (5) 580 Fullerton Free Church Total Spots 800 08/24/2026 - 12/10/2026 Directions (6) Open S8 and S10 are located at the corner of St. College and Yorba Linda.
2026-09-30 21:57:45,Availabile Parking Spaces Your browser does not support JavaScript! Available Parking Spaces Nutwood Structure Total Spots 2484 9/30/2026 2:58:00 PM Directions (1) Full Levels (1) State College Structure Total Spots 1373 9/30/2026 2:58:00 PM Directions (2) 195 Levels (2) Eastside North Total Spots 1880 9/30/2026 2:58:00 PM Directions (3) 284 Levels (3) Eastside South Total Spots 1341 9/30/2026 2:58:00 PM Directions (4) 159 Levels (4) S8 and S10 Total Spots 2104 9/30/2026 2:58:00 PM Directions (5) 604 Fullerton Free Church Total Spots 800 08/24/2026 - 12/10/2026 Directions (6) Open S8 and S10 are located at the corner of St. College and Yorba Linda.
2026-09-30 22:12:39,Availabile Parking Spaces Your browser does not support JavaScript! Available Parking Spaces Nutwood Structure Total Spots 2484 9/30/2026 3:13:00 PM Directions (1) 22 Levels (1) State College Structure Total Spots 1373 9/30/2026 3:13:00 PM Directions (2) 191 Levels (2) Eastside North Total Spots 1880 9/30/2026 3:13:00 PM Directions (3) 318 Levels (3) Eastside South Total Spots 1341 9/30/2026 3:13:00 PM Directions (4) 162 Levels (4) S8 and S10 Total Spots 2104 9/30/2026 3:13:00 PM Directions (5) 625 Fullerton Free Church Total Spots 800 08/24/2026 - 12/10/2026 Directions (6) Open S8 and S10 are located at the corner of St. College and Yorba Linda.
2026-09-30 22:31:47,Availabile Parking Spaces Your browser does not support JavaScript! Available Parking Spaces Nutwood Structure Total Spots 2484 9/30/2026 3:32:00 PM Directions (1) 77 Levels (1) State College Structure Total Spots 1373 9/30/2026 3:32:00 PM Directions (2) 201 Levels (2) Eastside North Total Spots 1880 9/30/2026 3:32:00 PM Directions (3) 288 Levels (3) Eastside South Total Spots 1341 9/30/2026 3:32:00 PM Directions (4) 162 Levels (4) S8 and S10 Total Spots 2104 9/30/2026 3:32:00 PM Directions (5) 628 Fullerton Free Church Total Spots 800 08/24/2026 - 12/10/2026 Directions (6) Open S8 and S10 are located at the corner of St. College and Yorba Linda.
2026-09-30 22:49:38,Availabile Parking Spaces Your browser does not support JavaScript! Available Parking Spaces Nutwood Structure Total Spots 2484 9/30/2026 3:50:00 PM Directions (1) 173 Levels (1) State College Structure Total Spots 1373 9/30/2026 3:50:00 PM Directions (2) 206 Levels (2) Eastside North Total Spots 1880 9/30/2026 3:50:00 PM Directions (3) 274 Levels (3) Eastside South Total Spots 1341 9/30/2026 3:49:00 PM Directions (4) 162 Levels (4) S8 and S10 Total Spots 2104 9/30/2026 3:49:00 PM Directions (5) 619 Fullerton Free Church Total Spots 800 08/24/2026 - 12/10/2026 Directions (6) Open S8 and S10 are located at the corner of St. College and Yorba Linda.
2026-09-30 22:59:37,Availabile Parking Spaces Your browser does not support JavaScript! Available Parking Spaces Nutwood Structure Total Spots 2484 9/30/2026 3:59:00 PM Directions (1) 266 Levels (1) State College Structure Total Spots 1373 9/30/2026 3:59:00 PM Directions (2) 246 Levels (2) Eastside North Total Spots 1880 9/30/2026 3:59:00 PM Directions (3) 362 Levels (3) Eastside South Total Spots 1341 9/30/2026 3:59:00 PM Directions (4) 162 Levels (4) S8 and S10 Total Spots 2104 9/30/2026 4:00:00 PM Directions (5) 655 Fullerton Free Church Total Spots 800 08/24/2026 - 12/10/2026 Directions (6) Open S8 and S10 are located at the corner of St. College and Yorba Linda.
